node,edge,weight
BendixJerryLee,JohnstonJustin,1.25
JonesHarris,McConnellPhyllis,0.3333333333333333
JonesHarris,FlowersSteve,0.3333333333333333
JonesHarris,StevensonMike,0.3333333333333333
McConnellPhyllis,FlowersSteve,0.3333333333333333
McConnellPhyllis,StevensonMike,0.3333333333333333
FlowersSteve,StevensonMike,0.3333333333333333
BurnsMoira,CarlsonCheryl,1.0
SimpsonAdella,ThompsonTreavor,1.0
SimpsonAdella,CurtisGlenda,0.5
ThompsonTreavor,CurtisGlenda,0.5
KarstenBonnie,KarstenLinda,0.3333333333333333
KarstenBonnie,KarstenMae,0.3333333333333333
KarstenBonnie,PerryFrank,0.3333333333333333
KarstenLinda,KarstenMae,0.3333333333333333
KarstenLinda,PerryFrank,0.3333333333333333
KarstenMae,PerryFrank,0.3333333333333333
TrotterBarry,ArcherThora,0.2
TrotterBarry,Archer Jr.Dylan,0.2
TrotterBarry,ChanningBoris,0.2
TrotterBarry,CooperAndrew,0.2
TrotterBarry,PorterRoscoe,0.2
ArcherThora,Archer Jr.Dylan,0.2
ArcherThora,ChanningBoris,0.2
ArcherThora,CooperAndrew,0.2
ArcherThora,PorterRoscoe,0.2
Archer Jr.Dylan,ChanningBoris,0.2
Archer Jr.Dylan,CooperAndrew,0.2
Archer Jr.Dylan,PorterRoscoe,0.2
ChanningBoris,CooperAndrew,0.2
ChanningBoris,PorterRoscoe,0.2
CooperAndrew,PorterRoscoe,0.2
JeffersonPolly,BergerRod,1.0
CoreyAlonzo,HallDavid,0.5
CoreyAlonzo,KirklandOwen,0.5
HallDavid,KirklandOwen,0.5
MinionMaggie,CarterCalvin,1.0
MinionMaggie,CaronMolly,1.0
AlexanderNolan,DoranLatonya,1.0909090909090908
AlexanderNolan,ClaggartMary,0.09090909090909091
AlexanderNolan,GunnersonLyndon,0.09090909090909091
AlexanderNolan,CollinsAdrienne,0.09090909090909091
AlexanderNolan,HarriganKieran,0.09090909090909091
AlexanderNolan,KillianGeorge,0.09090909090909091
AlexanderNolan,BlodgettLucas,0.09090909090909091
AlexanderNolan,BlodgettFaith,0.09090909090909091
AlexanderNolan,ChandlerMonica,0.09090909090909091
AlexanderNolan,DoranEllie,0.09090909090909091
AlexanderNolan,GunnersonPaul,0.09090909090909091
DoranLatonya,ClaggartMary,0.09090909090909091
DoranLatonya,GunnersonLyndon,0.09090909090909091
DoranLatonya,CollinsAdrienne,0.09090909090909091
DoranLatonya,HarriganKieran,0.09090909090909091
DoranLatonya,KillianGeorge,0.09090909090909091
DoranLatonya,BlodgettLucas,0.09090909090909091
DoranLatonya,BlodgettFaith,0.09090909090909091
DoranLatonya,ChandlerMonica,0.09090909090909091
DoranLatonya,DoranEllie,0.09090909090909091
DoranLatonya,GunnersonPaul,0.09090909090909091
ClaggartMary,GunnersonLyndon,0.09090909090909091
ClaggartMary,CollinsAdrienne,0.09090909090909091
ClaggartMary,HarriganKieran,0.09090909090909091
ClaggartMary,KillianGeorge,0.09090909090909091
ClaggartMary,BlodgettLucas,0.09090909090909091
ClaggartMary,BlodgettFaith,0.09090909090909091
ClaggartMary,ChandlerMonica,0.09090909090909091
ClaggartMary,DoranEllie,0.09090909090909091
ClaggartMary,GunnersonPaul,0.09090909090909091
GunnersonLyndon,CollinsAdrienne,0.09090909090909091
GunnersonLyndon,HarriganKieran,0.09090909090909091
GunnersonLyndon,KillianGeorge,0.09090909090909091
GunnersonLyndon,BlodgettLucas,0.09090909090909091
GunnersonLyndon,BlodgettFaith,0.09090909090909091
GunnersonLyndon,ChandlerMonica,0.09090909090909091
GunnersonLyndon,DoranEllie,0.09090909090909091
GunnersonLyndon,GunnersonPaul,0.09090909090909091
CollinsAdrienne,HarriganKieran,0.09090909090909091
CollinsAdrienne,KillianGeorge,0.09090909090909091
CollinsAdrienne,BlodgettLucas,0.09090909090909091
CollinsAdrienne,BlodgettFaith,0.09090909090909091
CollinsAdrienne,ChandlerMonica,0.09090909090909091
CollinsAdrienne,DoranEllie,0.09090909090909091
CollinsAdrienne,GunnersonPaul,0.09090909090909091
HarriganKieran,KillianGeorge,0.09090909090909091
HarriganKieran,BlodgettLucas,0.09090909090909091
HarriganKieran,BlodgettFaith,0.09090909090909091
HarriganKieran,ChandlerMonica,0.09090909090909091
HarriganKieran,DoranEllie,0.09090909090909091
HarriganKieran,GunnersonPaul,0.09090909090909091
KillianGeorge,BlodgettLucas,0.09090909090909091
KillianGeorge,BlodgettFaith,0.09090909090909091
KillianGeorge,ChandlerMonica,0.09090909090909091
KillianGeorge,DoranEllie,0.09090909090909091
KillianGeorge,GunnersonPaul,0.09090909090909091
BlodgettLucas,BlodgettFaith,0.09090909090909091
BlodgettLucas,ChandlerMonica,0.09090909090909091
BlodgettLucas,DoranEllie,0.09090909090909091
BlodgettLucas,GunnersonPaul,0.09090909090909091
BlodgettFaith,ChandlerMonica,0.09090909090909091
BlodgettFaith,DoranEllie,0.09090909090909091
BlodgettFaith,GunnersonPaul,0.09090909090909091
ChandlerMonica,DoranEllie,0.09090909090909091
ChandlerMonica,GunnersonPaul,0.09090909090909091
DoranEllie,GunnersonPaul,0.09090909090909091
StevensRico,BerberPhilippe,1.0
HarrisonAnnie,SnyderBill,2.5
SwiftMaurice,WhitesideAlbert,1.0
TaylorBecky,IvyRenata,0.5
TaylorBecky,YatesAugust,0.5
IvyRenata,YatesAugust,0.5
CantwellFelecia,CantwellSylvester,1.0
BeckerToby,BinderErrol,0.8333333333333333
BeckerToby,BuffetteRachel,0.3333333333333333
BeckerToby,MayCharlie,0.3333333333333333
BinderErrol,BuffetteRachel,0.3333333333333333
BinderErrol,MayCharlie,0.3333333333333333
BuffetteRachel,MayCharlie,0.8333333333333333
BridgesHilda,CasperSheila,0.07142857142857142
BridgesHilda,DerbyTammy,0.07142857142857142
BridgesHilda,JamesRicardo,0.07142857142857142
BridgesHilda,JenkinsJill,0.07142857142857142
BridgesHilda,LockePamela,0.07142857142857142
BridgesHilda,LongDanny,0.07142857142857142
BridgesHilda,MadisonDennis,0.07142857142857142
BridgesHilda,MaguireRaymond,0.07142857142857142
BridgesHilda,O'BrienJeff,0.07142857142857142
BridgesHilda,SorrellKeith,0.07142857142857142
BridgesHilda,SpeckVictoria,0.07142857142857142
BridgesHilda,SuffolkNicole,0.07142857142857142
BridgesHilda,TillieNigel,0.07142857142857142
BridgesHilda,WilsonShirley,0.07142857142857142
CasperSheila,DerbyTammy,0.07142857142857142
CasperSheila,JamesRicardo,0.07142857142857142
CasperSheila,JenkinsJill,0.07142857142857142
CasperSheila,LockePamela,0.07142857142857142
CasperSheila,LongDanny,0.07142857142857142
CasperSheila,MadisonDennis,0.07142857142857142
CasperSheila,MaguireRaymond,0.07142857142857142
CasperSheila,O'BrienJeff,0.07142857142857142
CasperSheila,SorrellKeith,0.07142857142857142
CasperSheila,SpeckVictoria,0.07142857142857142
CasperSheila,SuffolkNicole,0.07142857142857142
CasperSheila,TillieNigel,0.07142857142857142
CasperSheila,WilsonShirley,0.07142857142857142
DerbyTammy,JamesRicardo,0.07142857142857142
DerbyTammy,JenkinsJill,0.07142857142857142
DerbyTammy,LockePamela,0.07142857142857142
DerbyTammy,LongDanny,0.07142857142857142
DerbyTammy,MadisonDennis,0.07142857142857142
DerbyTammy,MaguireRaymond,0.07142857142857142
DerbyTammy,O'BrienJeff,0.07142857142857142
DerbyTammy,SorrellKeith,0.07142857142857142
DerbyTammy,SpeckVictoria,0.07142857142857142
DerbyTammy,SuffolkNicole,0.07142857142857142
DerbyTammy,TillieNigel,0.07142857142857142
DerbyTammy,WilsonShirley,0.07142857142857142
JamesRicardo,JenkinsJill,0.07142857142857142
JamesRicardo,LockePamela,0.07142857142857142
JamesRicardo,LongDanny,0.07142857142857142
JamesRicardo,MadisonDennis,0.07142857142857142
JamesRicardo,MaguireRaymond,0.07142857142857142
JamesRicardo,O'BrienJeff,0.07142857142857142
JamesRicardo,SorrellKeith,0.07142857142857142
JamesRicardo,SpeckVictoria,0.07142857142857142
JamesRicardo,SuffolkNicole,0.07142857142857142
JamesRicardo,TillieNigel,0.07142857142857142
JamesRicardo,WilsonShirley,0.07142857142857142
JenkinsJill,LockePamela,0.07142857142857142
JenkinsJill,LongDanny,0.07142857142857142
JenkinsJill,MadisonDennis,0.07142857142857142
JenkinsJill,MaguireRaymond,0.07142857142857142
JenkinsJill,O'BrienJeff,0.07142857142857142
JenkinsJill,SorrellKeith,0.07142857142857142
JenkinsJill,SpeckVictoria,0.07142857142857142
JenkinsJill,SuffolkNicole,0.07142857142857142
JenkinsJill,TillieNigel,0.07142857142857142
JenkinsJill,WilsonShirley,0.07142857142857142
LockePamela,LongDanny,0.07142857142857142
LockePamela,MadisonDennis,0.07142857142857142
LockePamela,MaguireRaymond,0.07142857142857142
LockePamela,O'BrienJeff,0.07142857142857142
LockePamela,SorrellKeith,0.07142857142857142
LockePamela,SpeckVictoria,0.07142857142857142
LockePamela,SuffolkNicole,0.07142857142857142
LockePamela,TillieNigel,0.07142857142857142
LockePamela,WilsonShirley,0.07142857142857142
LongDanny,MadisonDennis,0.07142857142857142
LongDanny,MaguireRaymond,0.07142857142857142
LongDanny,O'BrienJeff,0.07142857142857142
LongDanny,SorrellKeith,0.07142857142857142
LongDanny,SpeckVictoria,0.07142857142857142
LongDanny,SuffolkNicole,0.07142857142857142
LongDanny,TillieNigel,0.07142857142857142
LongDanny,WilsonShirley,0.07142857142857142
MadisonDennis,MaguireRaymond,0.07142857142857142
MadisonDennis,O'BrienJeff,0.07142857142857142
MadisonDennis,SorrellKeith,0.07142857142857142
MadisonDennis,SpeckVictoria,0.07142857142857142
MadisonDennis,SuffolkNicole,0.07142857142857142
MadisonDennis,TillieNigel,0.07142857142857142
MadisonDennis,WilsonShirley,0.07142857142857142
MaguireRaymond,O'BrienJeff,0.07142857142857142
MaguireRaymond,SorrellKeith,0.07142857142857142
MaguireRaymond,SpeckVictoria,0.07142857142857142
MaguireRaymond,SuffolkNicole,0.07142857142857142
MaguireRaymond,TillieNigel,0.07142857142857142
MaguireRaymond,WilsonShirley,0.07142857142857142
O'BrienJeff,SorrellKeith,0.07142857142857142
O'BrienJeff,SpeckVictoria,0.07142857142857142
O'BrienJeff,SuffolkNicole,0.07142857142857142
O'BrienJeff,TillieNigel,0.07142857142857142
O'BrienJeff,WilsonShirley,0.07142857142857142
SorrellKeith,SpeckVictoria,0.07142857142857142
SorrellKeith,SuffolkNicole,0.07142857142857142
SorrellKeith,TillieNigel,0.07142857142857142
SorrellKeith,WilsonShirley,0.07142857142857142
SpeckVictoria,SuffolkNicole,0.07142857142857142
SpeckVictoria,TillieNigel,0.07142857142857142
SpeckVictoria,WilsonShirley,0.07142857142857142
SuffolkNicole,TillieNigel,0.07142857142857142
SuffolkNicole,WilsonShirley,0.07142857142857142
TillieNigel,WilsonShirley,0.07142857142857142
SnyderBill,SpitzLouis,0.5
SnyderBill,MooreTerry,0.5
SpitzLouis,MooreTerry,0.5
JonesHarris,HolleyBuster,0.3333333333333333
JonesHarris,LawrenceRobbie,0.3333333333333333
JonesHarris,LucasCalvin,0.3333333333333333
HolleyBuster,LawrenceRobbie,0.3333333333333333
HolleyBuster,LucasCalvin,0.3333333333333333
LawrenceRobbie,LucasCalvin,0.3333333333333333
CanelliTony,PaulsonRichard,1.0
CheathamBarry,ConrackCarol,1.0
TowerMelissa,WhiteAndrew,2.0
GeorgeBuster,ThomasEddie,1.0
MarshakWayne,ParkerSebastian,1.0
MarshakWayne,VestHiroko,0.5
ParkerSebastian,VestHiroko,0.5588235294117647
BrowningCalder,GarnerMickey,0.3333333333333333
BrowningCalder,PhillipsSam,0.3333333333333333
BrowningCalder,WilsonLuke,0.3333333333333333
GarnerMickey,PhillipsSam,0.3333333333333333
GarnerMickey,WilsonLuke,0.3333333333333333
PhillipsSam,WilsonLuke,0.3333333333333333
DouglasCollin,GreenByron,0.3333333333333333
DouglasCollin,PowellGeorge,0.3333333333333333
DouglasCollin,SandersonKatie,0.3333333333333333
GreenByron,PowellGeorge,0.3333333333333333
GreenByron,SandersonKatie,0.3333333333333333
PowellGeorge,SandersonKatie,0.3333333333333333
HumphreyAlex,BrillEzekial,1.0
BenthamIan,ColeHarry,0.25
BenthamIan,DwyerBart,0.25
BenthamIan,MartinJerry,0.25
BenthamIan,WilcoxKieran,0.25
ColeHarry,DwyerBart,0.25
ColeHarry,MartinJerry,0.25
ColeHarry,WilcoxKieran,0.25
DwyerBart,MartinJerry,0.25
DwyerBart,WilcoxKieran,0.25
MartinJerry,WilcoxKieran,0.25
BrownMarvin,ArmbrusterCassia,0.5
BrownMarvin,VestIrwin,0.5
ArmbrusterCassia,VestIrwin,0.5
BendixJerryLee,BendixLaToya,0.5833333333333333
BendixJerryLee,BendixMichelle,0.3333333333333333
BendixJerryLee,GodfreyTalia,0.9166666666666666
BendixLaToya,BendixMichelle,0.5
BendixLaToya,GodfreyTalia,0.5833333333333333
BendixMichelle,GodfreyTalia,0.3333333333333333
LeeTwon,CortezRamiro,0.5
LeeTwon,PennPoindexter,0.5
CortezRamiro,PennPoindexter,0.5
AdamsMartha,LeighCrystal,0.2
AdamsMartha,MageeGinny,0.2
AdamsMartha,NielsonColleen,0.2
AdamsMartha,RogersKaren,0.2
AdamsMartha,TaylorBecky,0.2
LeighCrystal,MageeGinny,0.2
LeighCrystal,NielsonColleen,0.2
LeighCrystal,RogersKaren,0.2
LeighCrystal,TaylorBecky,0.2
MageeGinny,NielsonColleen,0.2
MageeGinny,RogersKaren,0.2
MageeGinny,TaylorBecky,0.2
NielsonColleen,RogersKaren,0.2
NielsonColleen,TaylorBecky,0.2
RogersKaren,TaylorBecky,0.2
ChandlerSusie,ConorArthur,2.0
HemphillButch,TateCarol,0.75
HemphillButch,SummersLana,0.5
TateCarol,SummersLana,0.5
PittDonna,ElliottRed,1.0
SimpsonBart,ThompsonAndy,0.5833333333333333
SimpsonBart,ElliottRed,0.25
SimpsonBart,ThompsonTreavor,0.25
SimpsonBart,LeeTwon,0.25
ThompsonAndy,ElliottRed,0.25
ThompsonAndy,ThompsonTreavor,0.25
ThompsonAndy,LeeTwon,0.25
ElliottRed,ThompsonTreavor,0.25
ElliottRed,LeeTwon,0.25
ThompsonTreavor,LeeTwon,0.25
BendixJerryLee,GliddenHoppy,0.3333333333333333
BendixJerryLee,GodfreyTalia,0.9166666666666666
BendixJerryLee,RitterBobby,0.3333333333333333
GliddenHoppy,GodfreyTalia,0.3333333333333333
GliddenHoppy,RitterBobby,0.3333333333333333
GodfreyTalia,RitterBobby,0.3333333333333333
AndersonWinston,BendixLaToya,0.16666666666666666
AndersonWinston,BendixMichelle,0.16666666666666666
AndersonWinston,GodfreyRhonda,0.16666666666666666
AndersonWinston,MandanGrant,0.16666666666666666
AndersonWinston,PalmerTitus,0.16666666666666666
AndersonWinston,WhartonKelvin,0.16666666666666666
BendixLaToya,BendixMichelle,0.5
BendixLaToya,GodfreyRhonda,0.16666666666666666
BendixLaToya,MandanGrant,0.16666666666666666
BendixLaToya,PalmerTitus,0.16666666666666666
BendixLaToya,WhartonKelvin,0.16666666666666666
BendixMichelle,GodfreyRhonda,0.16666666666666666
BendixMichelle,MandanGrant,0.16666666666666666
BendixMichelle,PalmerTitus,0.16666666666666666
BendixMichelle,WhartonKelvin,0.16666666666666666
GodfreyRhonda,MandanGrant,0.16666666666666666
GodfreyRhonda,PalmerTitus,0.16666666666666666
GodfreyRhonda,WhartonKelvin,0.16666666666666666
MandanGrant,PalmerTitus,0.16666666666666666
MandanGrant,WhartonKelvin,0.16666666666666666
PalmerTitus,WhartonKelvin,0.16666666666666666
SinclairMartin,SinclairMarjorie,1.0
JamesRicardo,GarnerStella,0.25
JamesRicardo,GreenleafMaggie,0.25
JamesRicardo,RussellErin,0.25
JamesRicardo,ToomeyMaurice,0.25
GarnerStella,GreenleafMaggie,0.25
GarnerStella,RussellErin,0.25
GarnerStella,ToomeyMaurice,0.25
GreenleafMaggie,RussellErin,0.25
GreenleafMaggie,ToomeyMaurice,0.25
RussellErin,ToomeyMaurice,0.25
CantwellFelecia,MobleyLyle,3.5588235294117645
BowersSandra,BowersCarl,1.5
BowersSandra,FoxGillian,0.5
BowersCarl,FoxGillian,0.5
ThomasEddie,ThomasJack,0.5
ThomasEddie,JohnsonJack,0.5
ThomasJack,JohnsonJack,0.5
WeaverOtis,BurnleyAaron,0.3333333333333333
WeaverOtis,EdwardsSeamus,0.3333333333333333
WeaverOtis,PointerGlenn,0.3333333333333333
BurnleyAaron,EdwardsSeamus,0.3333333333333333
BurnleyAaron,PointerGlenn,0.3333333333333333
EdwardsSeamus,PointerGlenn,0.3333333333333333
GliddenDiana,GliddenHoppy,0.5
GliddenDiana,GliddenMarcia,0.5
GliddenHoppy,GliddenMarcia,0.5
JamesMarla,BecketAlice,1.0
JonesEzekial,SmothersFreddie,1.4166666666666665
JeffersonMillie,LondonRay,1.0
FaulkSteve,GootschalkGinny,0.5
FaulkSteve,ToomeyBruce,0.5
GootschalkGinny,ToomeyBruce,0.5
AndrewsSally,LeeTwon,1.0
ChambersGina,BookCharles,1.0
BenthamIan,BackusConner,1.0
HiltonMichael,McConnellPhyllis,1.0
CantwellSylvester,"Mobley,Sr.Lester",1.0
PhillipsPat,CullomRandall,1.0
VickersYolanda,LaddClarence,1.0
BarryKyle,BenderDarryl,0.25
BarryKyle,HemphillButch,0.5
BarryKyle,JuddRoger,0.25
BarryKyle,SamuelLyle,0.25
BenderDarryl,HemphillButch,0.25
BenderDarryl,JuddRoger,0.25
BenderDarryl,SamuelLyle,0.25
HemphillButch,JuddRoger,0.375
HemphillButch,SamuelLyle,0.25
JuddRoger,SamuelLyle,0.25
RobbinsKevin,ResnickFelix,1.0
HoweMadelaine,HowePhilip,1.0
MajorsLeslie,SwiftMaurice,0.25
MajorsLeslie,KingstonRyan,0.25
MajorsLeslie,KeaneArthur,0.25
MajorsLeslie,StevensRico,0.25
SwiftMaurice,KingstonRyan,0.5
SwiftMaurice,KeaneArthur,0.25
SwiftMaurice,StevensRico,0.25
KingstonRyan,KeaneArthur,0.25
KingstonRyan,StevensRico,0.25
KeaneArthur,StevensRico,1.3088235294117645
LaneBecky,PattersonJohn,1.0
BallMelvin,GreyManny,0.5833333333333333
BallMelvin,HallNorman,0.25
BallMelvin,LansburyRobert,0.25
BallMelvin,ParkerSam,0.25
GreyManny,HallNorman,0.25
GreyManny,LansburyRobert,0.25
GreyManny,ParkerSam,0.25
HallNorman,LansburyRobert,0.25
HallNorman,ParkerSam,0.25
LansburyRobert,ParkerSam,0.25
PyleOmar,RogersKerry,1.0
BendixJerryLee,BlackDarriel,0.5
BendixJerryLee,DanielsJohn,0.5
BlackDarriel,DanielsJohn,0.5
BeckerToby,BrandTom,1.0
MinionMaggie,QuinnRodney,1.0
HayesIris,HumphreyCurtis,1.0
MorganDon,AndrewsJoan,0.5
MorganDon,WallaceSharon,0.5
AndrewsJoan,WallaceSharon,0.5
LoftonJames,HopkinsJody,1.0
StevensRico,PaigeBobby,1.0
AbramsChad,DinglePhilip,0.5
AbramsChad,SandersonMark,0.5
DinglePhilip,SandersonMark,0.5
BarryKyle,HemphillButch,0.5
BarryKyle,BulgerSteven,0.25
BarryKyle,KetterPercy,0.25
BarryKyle,MorrisEvan,0.25
HemphillButch,BulgerSteven,0.25
HemphillButch,KetterPercy,0.25
HemphillButch,MorrisEvan,0.25
BulgerSteven,KetterPercy,0.25
BulgerSteven,MorrisEvan,0.25
KetterPercy,MorrisEvan,0.25
MyersRicky,ArthurDean,0.16666666666666666
MyersRicky,CulpepperIris,0.16666666666666666
MyersRicky,CulpepperWarren,0.16666666666666666
MyersRicky,HoltJuanita,0.16666666666666666
MyersRicky,PepinLorraine,0.16666666666666666
MyersRicky,SteeleKurt,0.16666666666666666
ArthurDean,CulpepperIris,0.16666666666666666
ArthurDean,CulpepperWarren,0.16666666666666666
ArthurDean,HoltJuanita,0.16666666666666666
ArthurDean,PepinLorraine,0.16666666666666666
ArthurDean,SteeleKurt,0.16666666666666666
CulpepperIris,CulpepperWarren,0.16666666666666666
CulpepperIris,HoltJuanita,0.16666666666666666
CulpepperIris,PepinLorraine,0.16666666666666666
CulpepperIris,SteeleKurt,0.16666666666666666
CulpepperWarren,HoltJuanita,0.16666666666666666
CulpepperWarren,PepinLorraine,0.16666666666666666
CulpepperWarren,SteeleKurt,0.16666666666666666
HoltJuanita,PepinLorraine,0.16666666666666666
HoltJuanita,SteeleKurt,0.16666666666666666
PepinLorraine,SteeleKurt,0.16666666666666666
SandersonKatie,BosticDan,4.0
BrowningCalder,StackBarbara,1.0
HoweMadelaine,RobertsBuddy,1.0
RobbinsKevin,KendricksMarie,1.0
O'MalleyBilly,PowersAdair,0.25
O'MalleyBilly,MontgomeryDylan,0.25
O'MalleyBilly,O'MalleyConor,0.25
O'MalleyBilly,ScottJefrey,0.25
PowersAdair,MontgomeryDylan,0.25
PowersAdair,O'MalleyConor,0.25
PowersAdair,ScottJefrey,0.25
MontgomeryDylan,O'MalleyConor,0.25
MontgomeryDylan,ScottJefrey,0.25
O'MalleyConor,ScottJefrey,0.25
TaylorBecky,DrakeBurton,0.3333333333333333
TaylorBecky,KellyGretchen,0.3333333333333333
TaylorBecky,PowersGwen,0.3333333333333333
DrakeBurton,KellyGretchen,0.3333333333333333
DrakeBurton,PowersGwen,0.3333333333333333
KellyGretchen,PowersGwen,0.3333333333333333
AbramsChad,BerkleyCallie,3.5
MyersRicky,MyersRandy,1.0
HiltonMichael,CarusoMario,0.5
HiltonMichael,HiltonChris,0.5
CarusoMario,HiltonChris,0.5
RennerLynette,DimmittRay,1.0
AlexanderNolan,BevinsJoe,0.25
AlexanderNolan,BevinsJohn,0.25
AlexanderNolan,PakulaNan,1.25
AlexanderNolan,PerkinsNathan,0.25
BevinsJoe,BevinsJohn,0.25
BevinsJoe,PakulaNan,0.25
BevinsJoe,PerkinsNathan,0.25
BevinsJohn,PakulaNan,0.25
BevinsJohn,PerkinsNathan,0.25
PakulaNan,PerkinsNathan,0.25
FishburnKerry,JeffersonPolly,0.5
FishburnKerry,NorthTess,0.5
JeffersonPolly,NorthTess,0.5
KaneNathan,SmothersFreddie,1.0
MinionMaggie,GreyCortez,1.0
WilsonMac,JohnsonJack,1.0
PaigeBobby,IbrahimIsaac,1.0
SimpsonAdella,BrinkleyDerrick,0.5
SimpsonAdella,ThompsonTreavor,1.0
BrinkleyDerrick,ThompsonTreavor,0.5
CarverJustin,CurtisMyles,0.3333333333333333
CarverJustin,ManettaMarshall,0.3333333333333333
CarverJustin,MullinsMarv,0.3333333333333333
CurtisMyles,ManettaMarshall,0.3333333333333333
CurtisMyles,MullinsMarv,0.3333333333333333
ManettaMarshall,MullinsMarv,0.3333333333333333
HemphillButch,TateRoger,0.3333333333333333
HemphillButch,WestPhoebe,0.5833333333333333
HemphillButch,WestRoger,0.3333333333333333
TateRoger,WestPhoebe,0.3333333333333333
TateRoger,WestRoger,0.3333333333333333
WestPhoebe,WestRoger,0.3333333333333333
LittleJake,AmanaRalph,0.3333333333333333
LittleJake,JulesCarter,0.3333333333333333
LittleJake,SmallPercy,0.3333333333333333
AmanaRalph,JulesCarter,0.3333333333333333
AmanaRalph,SmallPercy,0.3333333333333333
JulesCarter,SmallPercy,0.3333333333333333
JohnsonDennis,HawkinsDavid,1.0
MobleyLyle,JamesMarla,2.0588235294117645
StevensRico,BeckerIsabel,0.5
StevensRico,SherrodHarry,0.5
BeckerIsabel,SherrodHarry,0.5
CramerNancy,LittleJake,1.0
LoftonJames,MailerLucas,1.0
TowerMelissa,WhiteAndrew,2.0
WorthTyrone,SmithAnthony,1.0
BarronPhoebe,BledsoeDonna,0.125
BarronPhoebe,EbersolShirley,0.125
BarronPhoebe,GoodingTerrell,0.125
BarronPhoebe,KirbyGabrielle,0.125
BarronPhoebe,KirbyLaverne,0.125
BarronPhoebe,KirbyMonica,0.125
BarronPhoebe,MossSophie,0.125
BarronPhoebe,SilversKerry,0.125
BledsoeDonna,EbersolShirley,0.125
BledsoeDonna,GoodingTerrell,0.125
BledsoeDonna,KirbyGabrielle,0.125
BledsoeDonna,KirbyLaverne,0.125
BledsoeDonna,KirbyMonica,0.125
BledsoeDonna,MossSophie,0.125
BledsoeDonna,SilversKerry,0.125
EbersolShirley,GoodingTerrell,0.125
EbersolShirley,KirbyGabrielle,0.125
EbersolShirley,KirbyLaverne,0.125
EbersolShirley,KirbyMonica,0.125
EbersolShirley,MossSophie,0.125
EbersolShirley,SilversKerry,0.125
GoodingTerrell,KirbyGabrielle,0.125
GoodingTerrell,KirbyLaverne,0.125
GoodingTerrell,KirbyMonica,0.125
GoodingTerrell,MossSophie,0.125
GoodingTerrell,SilversKerry,0.125
KirbyGabrielle,KirbyLaverne,0.125
KirbyGabrielle,KirbyMonica,0.125
KirbyGabrielle,MossSophie,0.125
KirbyGabrielle,SilversKerry,0.125
KirbyLaverne,KirbyMonica,0.125
KirbyLaverne,MossSophie,0.125
KirbyLaverne,SilversKerry,0.125
KirbyMonica,MossSophie,0.125
KirbyMonica,SilversKerry,0.125
MossSophie,SilversKerry,0.125
StithBrendon,KennardVernon,0.2
StithBrendon,MaddenEric,0.2
StithBrendon,MenardJack,0.2
StithBrendon,PitneyRoy,0.2
StithBrendon,StithCarlton,0.2
KennardVernon,MaddenEric,0.2
KennardVernon,MenardJack,0.2
KennardVernon,PitneyRoy,0.2
KennardVernon,StithCarlton,0.2
MaddenEric,MenardJack,0.2
MaddenEric,PitneyRoy,0.2
MaddenEric,StithCarlton,0.2
MenardJack,PitneyRoy,0.2
MenardJack,StithCarlton,0.2
PitneyRoy,StithCarlton,0.2
BenthamIan,FitzDanny,0.2
BenthamIan,LakinQuincy,0.2
BenthamIan,PooleAmbrose,0.2
BenthamIan,TooleyDick,0.2
BenthamIan,WhittakerRon,0.2
FitzDanny,LakinQuincy,0.2
FitzDanny,PooleAmbrose,0.2
FitzDanny,TooleyDick,0.2
FitzDanny,WhittakerRon,0.2
LakinQuincy,PooleAmbrose,0.2
LakinQuincy,TooleyDick,0.2
LakinQuincy,WhittakerRon,0.2
PooleAmbrose,TooleyDick,0.2
PooleAmbrose,WhittakerRon,0.2
TooleyDick,WhittakerRon,0.2
AbramsChad,BerkleyCallie,3.5
CramerNancy,GlassRonnie,0.25
CramerNancy,GummZelda,0.25
CramerNancy,WebbMike,0.25
CramerNancy,WebbPatty,0.25
GlassRonnie,GummZelda,0.25
GlassRonnie,WebbMike,0.25
GlassRonnie,WebbPatty,0.25
GummZelda,WebbMike,0.25
GummZelda,WebbPatty,0.25
WebbMike,WebbPatty,0.25
HarrisonAnnie,FergusJoe,0.3333333333333333
HarrisonAnnie,TattersallAngeline,0.3333333333333333
HarrisonAnnie,TrinkausJaimie,0.3333333333333333
FergusJoe,TattersallAngeline,0.3333333333333333
FergusJoe,TrinkausJaimie,0.3333333333333333
TattersallAngeline,TrinkausJaimie,0.3333333333333333
"Mobley,Sr.Lester",ParkerSebastian,2.0588235294117645
"Mobley,Sr.Lester",HarriganDustin,0.5
ParkerSebastian,HarriganDustin,0.5
BurnleyAaron,PfizerAngela,1.0
HumphreyAlex,GormleyAndy,0.5
HumphreyAlex,GraftonDon,0.5
GormleyAndy,GraftonDon,0.5
BinderErrol,BillingsleyTerry,0.5
BinderErrol,PottsWesley,0.5
BillingsleyTerry,PottsWesley,0.5
SandersonKatie,BosticDan,4.0
RoushLeyla,BurnleyAaron,0.5
RoushLeyla,RennerCarl,0.5
BurnleyAaron,RennerCarl,1.0
JeffersonBarbi,JordanPeter,2.0
PerryFrank,HeathMark,1.0
SandersonKatie,LangdonAndrew,0.16666666666666666
SandersonKatie,LangdonCharles,0.16666666666666666
SandersonKatie,LangdonDerrick,0.16666666666666666
SandersonKatie,MitchellLisa,0.16666666666666666
SandersonKatie,SlatteryKelvin,0.16666666666666666
SandersonKatie,SlatteryMaurice,0.16666666666666666
LangdonAndrew,LangdonCharles,0.16666666666666666
LangdonAndrew,LangdonDerrick,0.16666666666666666
LangdonAndrew,MitchellLisa,0.16666666666666666
LangdonAndrew,SlatteryKelvin,0.16666666666666666
LangdonAndrew,SlatteryMaurice,0.16666666666666666
LangdonCharles,LangdonDerrick,0.16666666666666666
LangdonCharles,MitchellLisa,0.16666666666666666
LangdonCharles,SlatteryKelvin,0.16666666666666666
LangdonCharles,SlatteryMaurice,0.16666666666666666
LangdonDerrick,MitchellLisa,0.16666666666666666
LangdonDerrick,SlatteryKelvin,0.16666666666666666
LangdonDerrick,SlatteryMaurice,0.16666666666666666
MitchellLisa,SlatteryKelvin,0.16666666666666666
MitchellLisa,SlatteryMaurice,0.16666666666666666
SlatteryKelvin,SlatteryMaurice,0.16666666666666666
TuckerArchie,PerkinsScott,0.5
TuckerArchie,StewartRob,0.5
PerkinsScott,StewartRob,0.5
McLeodMatt,BinderErrol,1.0
JeffersonBarbi,JeffersonMillie,0.7
JeffersonBarbi,AngellDiana,0.5
JeffersonMillie,AngellDiana,0.5
BeckerToby,BinderErrol,0.8333333333333333
BeckerToby,NaderChip,0.5
BinderErrol,NaderChip,0.5
AbramsChad,GradyAlice,1.0
GlassRonnie,DaleMike,0.25
GlassRonnie,KenneyMarcus,0.25
GlassRonnie,PurcellGreg,0.25
GlassRonnie,TandyAmos,0.25
DaleMike,KenneyMarcus,0.25
DaleMike,PurcellGreg,0.25
DaleMike,TandyAmos,0.25
KenneyMarcus,PurcellGreg,0.25
KenneyMarcus,TandyAmos,0.25
PurcellGreg,TandyAmos,0.25
AbramsChad,HenleyThaddeus,0.22619047619047616
AbramsChad,AbramsRichard,0.14285714285714285
AbramsChad,MarksDon,0.14285714285714285
AbramsChad,PointerKevin,0.14285714285714285
AbramsChad,PurlGreg,0.14285714285714285
AbramsChad,TuckerPaul,0.14285714285714285
AbramsChad,WoodsBlair,0.14285714285714285
HenleyThaddeus,AbramsRichard,0.14285714285714285
HenleyThaddeus,MarksDon,0.14285714285714285
HenleyThaddeus,PointerKevin,0.14285714285714285
HenleyThaddeus,PurlGreg,0.14285714285714285
HenleyThaddeus,TuckerPaul,0.14285714285714285
HenleyThaddeus,WoodsBlair,0.14285714285714285
AbramsRichard,MarksDon,0.14285714285714285
AbramsRichard,PointerKevin,0.14285714285714285
AbramsRichard,PurlGreg,0.14285714285714285
AbramsRichard,TuckerPaul,0.14285714285714285
AbramsRichard,WoodsBlair,0.14285714285714285
MarksDon,PointerKevin,0.14285714285714285
MarksDon,PurlGreg,0.14285714285714285
MarksDon,TuckerPaul,0.14285714285714285
MarksDon,WoodsBlair,0.14285714285714285
PointerKevin,PurlGreg,0.14285714285714285
PointerKevin,TuckerPaul,0.14285714285714285
PointerKevin,WoodsBlair,0.14285714285714285
PurlGreg,TuckerPaul,0.14285714285714285
PurlGreg,WoodsBlair,0.14285714285714285
TuckerPaul,WoodsBlair,0.14285714285714285
DicksonCarter,FletcherTom,0.5
DicksonCarter,HoltEddie,0.5
FletcherTom,HoltEddie,0.5
CarletonBonnie,TerryThomas,1.0
DicksonCarter,ScottJefrey,1.0
MinionMaggie,McCannEddie,2.0
MinionMaggie,FranklinRegina,1.0
DicksonCatherine,ShermanThaddeus,1.0
AlexanderNolan,CarrollTrudy,1.0
BlackRuth,TuckerArchie,4.5
BurnleyAaron,GleesonMatt,1.0
HoweMadelaine,BrownGladys,0.5
HoweMadelaine,CarsonBarbi,0.5
BrownGladys,CarsonBarbi,0.5
GliddenStan,GilliganRandy,0.25
GliddenStan,BarrettAntoine,0.25
GliddenStan,LaurencePete,0.25
GliddenStan,TrotterBarry,0.25
GilliganRandy,BarrettAntoine,0.25
GilliganRandy,LaurencePete,0.25
GilliganRandy,TrotterBarry,0.25
BarrettAntoine,LaurencePete,0.25
BarrettAntoine,TrotterBarry,0.25
LaurencePete,TrotterBarry,0.25
WilsonMac,JamiesonLilly,1.0
WilsonMac,MillerBradford,1.0
EarlChanda,FarthingRachel,0.5
EarlChanda,DandyCarol,0.5
FarthingRachel,DandyCarol,0.5
GrantHarry,WilliamsRoosevelt,1.0
BlodgettLucas,ArmandeBrian,0.3333333333333333
BlodgettLucas,CrandallNed,0.3333333333333333
BlodgettLucas,RichardsAidan,0.3333333333333333
ArmandeBrian,CrandallNed,0.3333333333333333
ArmandeBrian,RichardsAidan,0.3333333333333333
CrandallNed,RichardsAidan,0.3333333333333333
BlackRuth,TuckerArchie,4.5
JonesHarris,GillisJohnson,0.5
JonesHarris,MaddoxThelma,0.5
GillisJohnson,MaddoxThelma,0.5
DalyCelia,GunnersonLyndon,1.0
CollinsAdrienne,SpencerSeth,1.0
DicksonCarter,MarionJoe,0.5
DicksonCarter,StuartGrady,0.5
MarionJoe,StuartGrady,0.5
BeckerToby,BurnsDarian,0.5
BeckerToby,HooperFrieda,0.5
BurnsDarian,HooperFrieda,0.5
HayesIris,EdmondsHilda,1.0
KeaneArthur,JonesEzekial,1.0833333333333333
KeaneArthur,StevensRico,1.3088235294117645
KeaneArthur,PowersAdair,0.6666666666666666
JonesEzekial,StevensRico,0.6666666666666666
JonesEzekial,PowersAdair,0.3333333333333333
StevensRico,PowersAdair,0.6666666666666666
HallNancy,SchmitzStella,1.0
HarrisonAnnie,SnyderBill,2.5
BlackRuth,WilsonMac,1.0
BallMelvin,WhiteAndrew,1.2
BallMelvin,GrantJohn,0.5
WhiteAndrew,GrantJohn,0.5
FrostAlice,DukeMarshall,0.3333333333333333
FrostAlice,MunsonKaty,0.3333333333333333
FrostAlice,PowellCyndi,0.3333333333333333
DukeMarshall,MunsonKaty,0.3333333333333333
DukeMarshall,PowellCyndi,0.3333333333333333
MunsonKaty,PowellCyndi,0.3333333333333333
BrowningCalder,BrowningDarnell,0.5
BrowningCalder,CorleyDanette,0.5
BrowningDarnell,CorleyDanette,0.5
EasterlyTyrone,GrenwayDouglas,0.25
EasterlyTyrone,HarriganKieran,0.25
EasterlyTyrone,TatumGrant,0.25
EasterlyTyrone,YorkBrant,0.25
GrenwayDouglas,HarriganKieran,0.25
GrenwayDouglas,TatumGrant,0.25
GrenwayDouglas,YorkBrant,0.25
HarriganKieran,TatumGrant,0.25
HarriganKieran,YorkBrant,0.25
TatumGrant,YorkBrant,0.25
BlackRuth,TuckerArchie,4.5
CantwellFelecia,MobleyLyle,3.5588235294117645
AbramsChad,BatistaCharonne,0.14285714285714285
AbramsChad,AbramsDon,0.14285714285714285
AbramsChad,GibbsJulie,0.14285714285714285
AbramsChad,GibsonShirley,0.14285714285714285
AbramsChad,HenleyDmitri,0.14285714285714285
AbramsChad,JayLucinda,0.14285714285714285
AbramsChad,VincennesDaisy,0.14285714285714285
BatistaCharonne,AbramsDon,0.14285714285714285
BatistaCharonne,GibbsJulie,0.14285714285714285
BatistaCharonne,GibsonShirley,0.14285714285714285
BatistaCharonne,HenleyDmitri,0.14285714285714285
BatistaCharonne,JayLucinda,0.14285714285714285
BatistaCharonne,VincennesDaisy,0.14285714285714285
AbramsDon,GibbsJulie,0.14285714285714285
AbramsDon,GibsonShirley,0.14285714285714285
AbramsDon,HenleyDmitri,0.14285714285714285
AbramsDon,JayLucinda,0.14285714285714285
AbramsDon,VincennesDaisy,0.14285714285714285
GibbsJulie,GibsonShirley,0.14285714285714285
GibbsJulie,HenleyDmitri,0.14285714285714285
GibbsJulie,JayLucinda,0.14285714285714285
GibbsJulie,VincennesDaisy,0.14285714285714285
GibsonShirley,HenleyDmitri,0.14285714285714285
GibsonShirley,JayLucinda,0.14285714285714285
GibsonShirley,VincennesDaisy,0.14285714285714285
HenleyDmitri,JayLucinda,0.14285714285714285
HenleyDmitri,VincennesDaisy,0.14285714285714285
JayLucinda,VincennesDaisy,0.14285714285714285
EdwardsKim,BolandLaura,0.25
EdwardsKim,FeeneyBuzz,0.25
EdwardsKim,JamesRussell,1.25
EdwardsKim,QuillGraham,0.25
BolandLaura,FeeneyBuzz,0.25
BolandLaura,JamesRussell,0.25
BolandLaura,QuillGraham,0.25
FeeneyBuzz,JamesRussell,0.25
FeeneyBuzz,QuillGraham,0.25
JamesRussell,QuillGraham,0.25
JeffersonBarbi,Ball Lester,0.5
JeffersonBarbi,BilkoAlison,0.5
Ball Lester,BilkoAlison,0.5
HumphreyAlex,PhillipsPat,0.5
HumphreyAlex,GuntherJamie,0.5
PhillipsPat,GuntherJamie,2.0
SandersonKatie,CollinsMartha,0.5
SandersonKatie,SandersonAmy,0.5
CollinsMartha,SandersonAmy,0.5
FieldsJohn,ShipleyCarol,0.3333333333333333
FieldsJohn,SimpsonBart,0.3333333333333333
FieldsJohn,SimpsonCarolyn,0.3333333333333333
ShipleyCarol,SimpsonBart,0.3333333333333333
ShipleyCarol,SimpsonCarolyn,0.3333333333333333
SimpsonBart,SimpsonCarolyn,0.3333333333333333
MoweElwood,TomlinKent,1.0
ForesterCarol,TitoBernard,0.5
ForesterCarol,WorthTyrone,0.5
TitoBernard,WorthTyrone,0.5
BinderErrol,RevelleErskine,1.0
SandersonKatie,BosticDan,4.0
JeffersonBarbi,JordanPeter,2.0
SandersonKatie,WhiteGeorge,1.0
BrownMarvin,BrownDimitri,0.5
BrownMarvin,WaltersJoe,0.5
BrownDimitri,WaltersJoe,0.5
HeinzGladys,SmothersFreddie,1.0
MyersRicky,KeysLinda,1.0
BlodgettLucas,GunnersonInga,0.5
BlodgettLucas,PushkinJudy,0.5
GunnersonInga,PushkinJudy,0.5
HoweMadelaine,BeckerMax,0.25
HoweMadelaine,CliffordJim,0.25
HoweMadelaine,MartinezAngel,0.25
HoweMadelaine,TravusBernie,0.25
BeckerMax,CliffordJim,0.25
BeckerMax,MartinezAngel,0.25
BeckerMax,TravusBernie,0.25
CliffordJim,MartinezAngel,0.25
CliffordJim,TravusBernie,0.25
MartinezAngel,TravusBernie,0.25
MinionMaggie,MosleyWillard,1.0
PittDonna,WolffRodney,1.0
WilsonMac,SprintMelody,1.0
KemperDavid,KinneyDiane,1.0
TaylorBecky,CottonJo,0.5
TaylorBecky,LordsWayne,0.5
CottonJo,LordsWayne,0.5
BuschAndrew,ButlerKay,1.0
DicksonCarter,SwiftMaurice,0.8333333333333333
DicksonCarter,IvieByron,0.5
SwiftMaurice,IvieByron,0.5
HenryIsaac,FlandersColeman,1.0
ErckerBenton,CobbJanet,0.3333333333333333
ErckerBenton,CourtBrendan,0.3333333333333333
ErckerBenton,JamesSara,0.3333333333333333
CobbJanet,CourtBrendan,0.3333333333333333
CobbJanet,JamesSara,0.3333333333333333
CourtBrendan,JamesSara,0.3333333333333333
MarionJoe,BillupsCarlton,0.22619047619047616
MarionJoe,BrassManuel,0.22619047619047616
MarionJoe,AmadaDaron,0.08333333333333333
MarionJoe,CooperJeremiah,0.08333333333333333
MarionJoe,CourtlandGreg,0.08333333333333333
MarionJoe,FarmerRicky,0.08333333333333333
MarionJoe,GorhamBilly,0.08333333333333333
MarionJoe,HerbertSean,0.5833333333333334
MarionJoe,KeaneArthur,0.16666666666666666
MarionJoe,OwensAndrew,0.08333333333333333
MarionJoe,PooleRosa,0.08333333333333333
MarionJoe,WethersMorrie,0.08333333333333333
BillupsCarlton,BrassManuel,0.22619047619047616
BillupsCarlton,AmadaDaron,0.08333333333333333
BillupsCarlton,CooperJeremiah,0.08333333333333333
BillupsCarlton,CourtlandGreg,0.08333333333333333
BillupsCarlton,FarmerRicky,0.08333333333333333
BillupsCarlton,GorhamBilly,0.08333333333333333
BillupsCarlton,HerbertSean,0.08333333333333333
BillupsCarlton,KeaneArthur,0.08333333333333333
BillupsCarlton,OwensAndrew,0.08333333333333333
BillupsCarlton,PooleRosa,0.08333333333333333
BillupsCarlton,WethersMorrie,0.08333333333333333
BrassManuel,AmadaDaron,0.08333333333333333
BrassManuel,CooperJeremiah,0.08333333333333333
BrassManuel,CourtlandGreg,0.08333333333333333
BrassManuel,FarmerRicky,0.08333333333333333
BrassManuel,GorhamBilly,0.08333333333333333
BrassManuel,HerbertSean,0.08333333333333333
BrassManuel,KeaneArthur,0.08333333333333333
BrassManuel,OwensAndrew,0.08333333333333333
BrassManuel,PooleRosa,0.08333333333333333
BrassManuel,WethersMorrie,0.08333333333333333
AmadaDaron,CooperJeremiah,0.08333333333333333
AmadaDaron,CourtlandGreg,0.08333333333333333
AmadaDaron,FarmerRicky,0.08333333333333333
AmadaDaron,GorhamBilly,0.08333333333333333
AmadaDaron,HerbertSean,0.08333333333333333
AmadaDaron,KeaneArthur,0.08333333333333333
AmadaDaron,OwensAndrew,0.08333333333333333
AmadaDaron,PooleRosa,0.08333333333333333
AmadaDaron,WethersMorrie,0.08333333333333333
CooperJeremiah,CourtlandGreg,0.08333333333333333
CooperJeremiah,FarmerRicky,0.08333333333333333
CooperJeremiah,GorhamBilly,0.08333333333333333
CooperJeremiah,HerbertSean,0.08333333333333333
CooperJeremiah,KeaneArthur,0.08333333333333333
CooperJeremiah,OwensAndrew,0.08333333333333333
CooperJeremiah,PooleRosa,0.08333333333333333
CooperJeremiah,WethersMorrie,0.08333333333333333
CourtlandGreg,FarmerRicky,0.08333333333333333
CourtlandGreg,GorhamBilly,0.08333333333333333
CourtlandGreg,HerbertSean,0.08333333333333333
CourtlandGreg,KeaneArthur,0.08333333333333333
CourtlandGreg,OwensAndrew,0.08333333333333333
CourtlandGreg,PooleRosa,0.08333333333333333
CourtlandGreg,WethersMorrie,0.08333333333333333
FarmerRicky,GorhamBilly,0.08333333333333333
FarmerRicky,HerbertSean,0.08333333333333333
FarmerRicky,KeaneArthur,0.08333333333333333
FarmerRicky,OwensAndrew,0.08333333333333333
FarmerRicky,PooleRosa,0.08333333333333333
FarmerRicky,WethersMorrie,0.08333333333333333
GorhamBilly,HerbertSean,0.08333333333333333
GorhamBilly,KeaneArthur,0.08333333333333333
GorhamBilly,OwensAndrew,0.08333333333333333
GorhamBilly,PooleRosa,0.08333333333333333
GorhamBilly,WethersMorrie,0.08333333333333333
HerbertSean,KeaneArthur,0.08333333333333333
HerbertSean,OwensAndrew,0.08333333333333333
HerbertSean,PooleRosa,0.08333333333333333
HerbertSean,WethersMorrie,0.08333333333333333
KeaneArthur,OwensAndrew,0.08333333333333333
KeaneArthur,PooleRosa,0.08333333333333333
KeaneArthur,WethersMorrie,0.08333333333333333
OwensAndrew,PooleRosa,0.08333333333333333
OwensAndrew,WethersMorrie,0.08333333333333333
PooleRosa,WethersMorrie,0.08333333333333333
SnyderBill,RobbinsKevin,1.0
GoodingTerrell,TylerRachel,1.0
DelaneyCarlotta,DelaneyRoberta,2.0
HemphillButch,CarpenterLonnie,0.16666666666666666
HemphillButch,FraleyLee,0.16666666666666666
HemphillButch,IrelandJacob,0.16666666666666666
HemphillButch,Miller Reuben,0.16666666666666666
HemphillButch,PaulsonLee,0.16666666666666666
HemphillButch,RandallWilliam,0.16666666666666666
CarpenterLonnie,FraleyLee,0.16666666666666666
CarpenterLonnie,IrelandJacob,0.16666666666666666
CarpenterLonnie,Miller Reuben,0.16666666666666666
CarpenterLonnie,PaulsonLee,0.16666666666666666
CarpenterLonnie,RandallWilliam,0.16666666666666666
FraleyLee,IrelandJacob,0.16666666666666666
FraleyLee,Miller Reuben,0.16666666666666666
FraleyLee,PaulsonLee,0.16666666666666666
FraleyLee,RandallWilliam,0.16666666666666666
IrelandJacob,Miller Reuben,0.16666666666666666
IrelandJacob,PaulsonLee,0.16666666666666666
IrelandJacob,RandallWilliam,0.16666666666666666
Miller Reuben,PaulsonLee,0.16666666666666666
Miller Reuben,RandallWilliam,0.16666666666666666
PaulsonLee,RandallWilliam,0.16666666666666666
IvieByron,KeatonKelly,0.5
IvieByron,WallabyBrenda,0.5
KeatonKelly,WallabyBrenda,0.5
MyersRicky,VincentKenneth,0.8333333333333333
MyersRicky,AlexanderDevon,0.3333333333333333
MyersRicky,AlexanderTrina,0.3333333333333333
VincentKenneth,AlexanderDevon,0.3333333333333333
VincentKenneth,AlexanderTrina,0.3333333333333333
AlexanderDevon,AlexanderTrina,0.3333333333333333
AbramsChad,AveryTerry,2.0
CraigRoger,DalyCarl,0.3333333333333333
CraigRoger,NeelyBrian,0.3333333333333333
CraigRoger,RiddleyEric,0.3333333333333333
DalyCarl,NeelyBrian,0.3333333333333333
DalyCarl,RiddleyEric,0.3333333333333333
NeelyBrian,RiddleyEric,0.3333333333333333
SmothersFreddie,DalyCarl,0.3333333333333333
SmothersFreddie,StevensRico,0.7254901960784313
SmothersFreddie,BordersDylan,0.3333333333333333
DalyCarl,StevensRico,0.3333333333333333
DalyCarl,BordersDylan,0.3333333333333333
StevensRico,BordersDylan,0.3333333333333333
KeaneArthur,StevensRico,1.3088235294117645
KeaneArthur,ArmstrongPearl,0.3333333333333333
KeaneArthur,PowersAdair,0.6666666666666666
StevensRico,ArmstrongPearl,0.3333333333333333
StevensRico,PowersAdair,0.6666666666666666
ArmstrongPearl,PowersAdair,0.3333333333333333
HayesElla,MitchellGrant,0.3333333333333333
HayesElla,NoblesCary,0.3333333333333333
HayesElla,ToomeyHarry,0.3333333333333333
MitchellGrant,NoblesCary,0.3333333333333333
MitchellGrant,ToomeyHarry,0.3333333333333333
NoblesCary,ToomeyHarry,0.3333333333333333
MarshakWayne,"Mobley,Sr.Lester",0.5
MarshakWayne,ParkerSebastian,1.0
"Mobley,Sr.Lester",ParkerSebastian,2.0588235294117645
WilsonMac,SchmitzStella,1.0
DicksonCarter,OneilLinda,1.0
LangdonCharles,HopkinsSylvia,0.5
LangdonCharles,SteeleRaymond,0.5
HopkinsSylvia,SteeleRaymond,0.5
MobleyLyle,JamesMarla,2.0588235294117645
CanfieldAristides,SquiresJanet,1.0
TrotterBarry,GradyRufus,1.0
GilliganRandy,GibsonTed,0.5
GilliganRandy,WillisBryan,0.6428571428571428
GibsonTed,WillisBryan,0.5
SwiftMaurice,DelaneyCarlotta,0.25
SwiftMaurice,FletcherTom,0.25
SwiftMaurice,HopkinsBurton,0.25
SwiftMaurice,KingstonRyan,0.5
DelaneyCarlotta,FletcherTom,0.25
DelaneyCarlotta,HopkinsBurton,0.25
DelaneyCarlotta,KingstonRyan,0.25
FletcherTom,HopkinsBurton,0.25
FletcherTom,KingstonRyan,0.25
HopkinsBurton,KingstonRyan,0.25
MinionMaggie,McCannEddie,2.0
MarionJoe,CarterFreddie,1.0
DelaneyCarlotta,DelaneyRoberta,2.0
CarverJustin,MorisseyGavin,0.5
CarverJustin,MossEd,0.5
MorisseyGavin,MossEd,0.5
CantwellSylvester,ChandlerSusie,1.5
CantwellSylvester,WebsterKen,0.5
ChandlerSusie,WebsterKen,0.5
HayesElla,MichaelsHector,1.0
CheathamBarry,PetersBarnabas,0.3333333333333333
CheathamBarry,TiptonJermaine,0.3333333333333333
CheathamBarry,WrightAndrew,0.3333333333333333
PetersBarnabas,TiptonJermaine,0.3333333333333333
PetersBarnabas,WrightAndrew,0.3333333333333333
TiptonJermaine,WrightAndrew,0.3333333333333333
HenryIsaac,BenthamIan,0.5
HenryIsaac,MartinGeorge,0.5
BenthamIan,MartinGeorge,0.5
ShipleyCarol,TrotterBruce,0.5
ShipleyCarol,InvernessBen,0.5
TrotterBruce,InvernessBen,0.5
CantwellSylvester,BynumWilbur,1.0
HayesElla,BlackRicky,1.0
HoweMadelaine,NelsonFelix,1.0
CarverJustin,AsherJames,0.2
CarverJustin,CarverJason,0.3666666666666667
CarverJustin,LeahyCelia,0.2
CarverJustin,LeahyDonal,0.2
CarverJustin,LeahyMick,0.2
AsherJames,CarverJason,0.2
AsherJames,LeahyCelia,0.2
AsherJames,LeahyDonal,0.2
AsherJames,LeahyMick,0.2
CarverJason,LeahyCelia,0.2
CarverJason,LeahyDonal,0.2
CarverJason,LeahyMick,0.2
LeahyCelia,LeahyDonal,0.2
LeahyCelia,LeahyMick,0.2
LeahyDonal,LeahyMick,0.2
CarverJustin,CottonBert,1.0
SmithAnthony,TrotterBruce,1.0
LoftonJames,ManchesterElla,0.5
LoftonJames,ManchesterMark,0.5
ManchesterElla,ManchesterMark,0.5
LoftonJames,CaseyRobin,0.5
LoftonJames,NeelyColin,0.5
CaseyRobin,NeelyColin,0.5
O'BrienAntoine,WilsonMac,1.0
StithBrendon,WillisBryan,0.14285714285714285
StithBrendon,SargentDaniel,0.14285714285714285
StithBrendon,BensonLouis,0.14285714285714285
StithBrendon,EllisSedge,0.14285714285714285
StithBrendon,LemonMicah,0.14285714285714285
StithBrendon,MarcusBradley,0.14285714285714285
StithBrendon,WriggleyHal,0.14285714285714285
WillisBryan,SargentDaniel,0.14285714285714285
WillisBryan,BensonLouis,0.14285714285714285
WillisBryan,EllisSedge,0.14285714285714285
WillisBryan,LemonMicah,0.14285714285714285
WillisBryan,MarcusBradley,0.14285714285714285
WillisBryan,WriggleyHal,0.14285714285714285
SargentDaniel,BensonLouis,0.14285714285714285
SargentDaniel,EllisSedge,0.14285714285714285
SargentDaniel,LemonMicah,0.14285714285714285
SargentDaniel,MarcusBradley,0.14285714285714285
SargentDaniel,WriggleyHal,0.14285714285714285
BensonLouis,EllisSedge,0.14285714285714285
BensonLouis,LemonMicah,0.14285714285714285
BensonLouis,MarcusBradley,0.14285714285714285
BensonLouis,WriggleyHal,0.14285714285714285
EllisSedge,LemonMicah,0.14285714285714285
EllisSedge,MarcusBradley,0.14285714285714285
EllisSedge,WriggleyHal,0.14285714285714285
LemonMicah,MarcusBradley,0.14285714285714285
LemonMicah,WriggleyHal,0.14285714285714285
MarcusBradley,WriggleyHal,0.14285714285714285
MajorsLeslie,RyanLesley,1.0
CusackJill,WilsonMac,1.0
HallLiz,TaylorBecky,0.3333333333333333
HallLiz,BoyleAlice,0.3333333333333333
HallLiz,ConwaySamantha,0.3333333333333333
TaylorBecky,BoyleAlice,0.3333333333333333
TaylorBecky,ConwaySamantha,0.3333333333333333
BoyleAlice,ConwaySamantha,0.3333333333333333
AbramsChad,HemphillButch,0.3333333333333333
AbramsChad,GoodingTerrell,0.25
AbramsChad,SmithAnthony,0.25
AbramsChad,PayneJulie,0.25
HemphillButch,GoodingTerrell,0.25
HemphillButch,SmithAnthony,0.25
HemphillButch,PayneJulie,0.25
GoodingTerrell,SmithAnthony,0.25
GoodingTerrell,PayneJulie,0.25
SmithAnthony,PayneJulie,0.25
SaxeGina,WilsonMac,2.5
SaxeGina,JacksonBrendan,0.5
WilsonMac,JacksonBrendan,0.5
LivingstonMary,MastersTom,1.0
CarverJustin,GrantKaren,0.3333333333333333
CarverJustin,HendersonSam,0.3333333333333333
CarverJustin,WilborneEzra,0.3333333333333333
GrantKaren,HendersonSam,0.3333333333333333
GrantKaren,WilborneEzra,0.3333333333333333
HendersonSam,WilborneEzra,0.3333333333333333
RobbinsKevin,GradyCarla,0.3333333333333333
RobbinsKevin,MartinAlan,0.3333333333333333
RobbinsKevin,PilotBrenda,0.3333333333333333
GradyCarla,MartinAlan,0.3333333333333333
GradyCarla,PilotBrenda,0.3333333333333333
MartinAlan,PilotBrenda,0.3333333333333333
PhillipsPat,WilsonMac,0.5
PhillipsPat,GuntherJamie,2.0
WilsonMac,GuntherJamie,0.5
JeffersonPolly,JeffersonBarbi,0.14285714285714285
JeffersonPolly,ChambersGina,0.14285714285714285
JeffersonPolly,CarletonBonnie,0.14285714285714285
JeffersonPolly,CandyCarol,0.14285714285714285
JeffersonPolly,LivingstonMary,0.14285714285714285
JeffersonPolly,PowellAnne,0.14285714285714285
JeffersonPolly,WhiteAngie,0.14285714285714285
JeffersonBarbi,ChambersGina,0.14285714285714285
JeffersonBarbi,CarletonBonnie,0.14285714285714285
JeffersonBarbi,CandyCarol,0.14285714285714285
JeffersonBarbi,LivingstonMary,0.14285714285714285
JeffersonBarbi,PowellAnne,0.14285714285714285
JeffersonBarbi,WhiteAngie,0.14285714285714285
ChambersGina,CarletonBonnie,0.14285714285714285
ChambersGina,CandyCarol,0.14285714285714285
ChambersGina,LivingstonMary,0.14285714285714285
ChambersGina,PowellAnne,0.14285714285714285
ChambersGina,WhiteAngie,0.14285714285714285
CarletonBonnie,CandyCarol,0.14285714285714285
CarletonBonnie,LivingstonMary,0.14285714285714285
CarletonBonnie,PowellAnne,0.14285714285714285
CarletonBonnie,WhiteAngie,0.14285714285714285
CandyCarol,LivingstonMary,0.14285714285714285
CandyCarol,PowellAnne,0.14285714285714285
CandyCarol,WhiteAngie,0.14285714285714285
LivingstonMary,PowellAnne,0.14285714285714285
LivingstonMary,WhiteAngie,0.14285714285714285
PowellAnne,WhiteAngie,0.14285714285714285
AbramsChad,AveryTerry,2.0
DelaneyCarlotta,AbramsDavid,1.0
EdwardsKim,JamesRussell,1.25
DelaneyRoberta,DelaneyLaura,1.0
AlleynCamilla,AlleynCarolyn,0.3333333333333333
AlleynCamilla,AlleynDylan,0.3333333333333333
AlleynCamilla,NelsonMamie,0.3333333333333333
AlleynCarolyn,AlleynDylan,0.3333333333333333
AlleynCarolyn,NelsonMamie,0.3333333333333333
AlleynDylan,NelsonMamie,0.3333333333333333
DerbyTammy,FaustMeg,0.25
DerbyTammy,RunyonPaul,0.25
DerbyTammy,ToddMarilyn,0.25
DerbyTammy,RunyonMatt,0.25
FaustMeg,RunyonPaul,0.25
FaustMeg,ToddMarilyn,0.25
FaustMeg,RunyonMatt,0.25
RunyonPaul,ToddMarilyn,0.25
RunyonPaul,RunyonMatt,0.25
ToddMarilyn,RunyonMatt,0.25
SmithAnthony,WilliamsRoosevelt,0.3333333333333333
SmithAnthony,WilsonMac,0.3333333333333333
SmithAnthony,BrownLeonard,0.3333333333333333
WilliamsRoosevelt,WilsonMac,0.3333333333333333
WilliamsRoosevelt,BrownLeonard,0.3333333333333333
WilsonMac,BrownLeonard,0.3333333333333333
AbramsChad,StevensonChanda,1.0
BowersSandra,BowersCarl,1.5
EdgarMillicent,GreenWilliam,0.3333333333333333
EdgarMillicent,HoldenEric,0.3333333333333333
EdgarMillicent,TealJames,0.3333333333333333
GreenWilliam,HoldenEric,0.3333333333333333
GreenWilliam,TealJames,0.3333333333333333
HoldenEric,TealJames,0.3333333333333333
IvieByron,IvieCaldwell,1.0
PhillipsPat,SmithJanice,1.0
MarshakWayne,PaulKenneth,1.0
LivingstonMary,StoneSylvia,1.0
AbramsChad,HalseyWalter,1.0833333333333333
BendixJerryLee,ComptonDennis,1.0
HallNancy,TaylorBecky,0.5
HallNancy,MasonAmanda,0.5
TaylorBecky,MasonAmanda,0.5
ErckerBenton,StithBrendon,0.5
ErckerBenton,StithDerrick,0.5
StithBrendon,StithDerrick,0.5
HayesIris,WillisJenny,1.0
"Mobley,Sr.Lester",ParkerSebastian,2.0588235294117645
BlackRuth,CarterRuby,0.5
BlackRuth,TuckerArchie,4.5
CarterRuby,TuckerArchie,0.5
BuffetteRachel,MayCharlie,0.8333333333333333
BuffetteRachel,CavanaughCelia,0.5
MayCharlie,CavanaughCelia,0.5
BowersCarl,BallMelvin,0.2
BowersCarl,WhiteAndrew,0.2
BowersCarl,CourtBrendan,0.2
BowersCarl,CutlerJeremy,0.2
BowersCarl,MillerMilo,0.2
BallMelvin,WhiteAndrew,1.2
BallMelvin,CourtBrendan,0.2
BallMelvin,CutlerJeremy,0.2
BallMelvin,MillerMilo,0.2
WhiteAndrew,CourtBrendan,0.2
WhiteAndrew,CutlerJeremy,0.2
WhiteAndrew,MillerMilo,0.2
CourtBrendan,CutlerJeremy,0.2
CourtBrendan,MillerMilo,0.2
CutlerJeremy,MillerMilo,0.2
CramerNancy,PerryJoe,1.0
AbramsChad,MansonCortez,0.5
AbramsChad,PotterAntonio,0.5
MansonCortez,PotterAntonio,0.5
HiltonMichael,TurnerHenry,1.0
BallMelvin,GreyManny,0.5833333333333333
BallMelvin,BallMarvin,0.3333333333333333
BallMelvin,ByrneKevin,0.3333333333333333
GreyManny,BallMarvin,0.3333333333333333
GreyManny,ByrneKevin,0.3333333333333333
BallMarvin,ByrneKevin,0.3333333333333333
BurnleyAaron,RennerCarl,1.0
BurnleyAaron,RennerLynette,0.5
RennerCarl,RennerLynette,0.5
HallNancy,GilliganRandy,0.14285714285714285
HallNancy,McConnellPhyllis,0.14285714285714285
HallNancy,WillisBryan,0.14285714285714285
HallNancy,AndersonMitch,0.14285714285714285
HallNancy,BoydKatie,0.14285714285714285
HallNancy,FrederichMax,0.14285714285714285
HallNancy,JamiesonLilly,0.14285714285714285
GilliganRandy,McConnellPhyllis,0.14285714285714285
GilliganRandy,WillisBryan,0.6428571428571428
GilliganRandy,AndersonMitch,0.14285714285714285
GilliganRandy,BoydKatie,0.14285714285714285
GilliganRandy,FrederichMax,0.14285714285714285
GilliganRandy,JamiesonLilly,0.14285714285714285
McConnellPhyllis,WillisBryan,0.14285714285714285
McConnellPhyllis,AndersonMitch,3.142857142857143
McConnellPhyllis,BoydKatie,0.14285714285714285
McConnellPhyllis,FrederichMax,0.14285714285714285
McConnellPhyllis,JamiesonLilly,0.14285714285714285
WillisBryan,AndersonMitch,0.14285714285714285
WillisBryan,BoydKatie,0.14285714285714285
WillisBryan,FrederichMax,0.14285714285714285
WillisBryan,JamiesonLilly,0.14285714285714285
AndersonMitch,BoydKatie,0.14285714285714285
AndersonMitch,FrederichMax,0.14285714285714285
AndersonMitch,JamiesonLilly,0.14285714285714285
BoydKatie,FrederichMax,0.14285714285714285
BoydKatie,JamiesonLilly,0.14285714285714285
FrederichMax,JamiesonLilly,0.14285714285714285
SmithAnthony,BurnsMoira,1.0
WilliamsRoosevelt,FrasierCalvin,0.5
WilliamsRoosevelt,WilliamsSherman,0.5
FrasierCalvin,WilliamsSherman,0.5
CusackJill,GodfreyJudy,1.0
BrownMarvin,ColtraneCharles,0.1
BrownMarvin,FensterOscar,0.1
BrownMarvin,GradyHector,0.1
BrownMarvin,HamiltonCraig,0.1
BrownMarvin,HamiltonJared,0.1
BrownMarvin,HumphreyJack,0.1
BrownMarvin,KillianMarcus,0.1
BrownMarvin,LoweBrian,0.1
BrownMarvin,ShermanAmos,0.1
BrownMarvin,ShermanDarwin,0.1
ColtraneCharles,FensterOscar,0.1
ColtraneCharles,GradyHector,0.1
ColtraneCharles,HamiltonCraig,0.1
ColtraneCharles,HamiltonJared,0.1
ColtraneCharles,HumphreyJack,0.1
ColtraneCharles,KillianMarcus,0.1
ColtraneCharles,LoweBrian,0.1
ColtraneCharles,ShermanAmos,0.1
ColtraneCharles,ShermanDarwin,0.1
FensterOscar,GradyHector,0.1
FensterOscar,HamiltonCraig,0.1
FensterOscar,HamiltonJared,0.1
FensterOscar,HumphreyJack,0.1
FensterOscar,KillianMarcus,0.1
FensterOscar,LoweBrian,0.1
FensterOscar,ShermanAmos,0.1
FensterOscar,ShermanDarwin,0.1
GradyHector,HamiltonCraig,0.1
GradyHector,HamiltonJared,0.1
GradyHector,HumphreyJack,0.1
GradyHector,KillianMarcus,0.1
GradyHector,LoweBrian,0.1
GradyHector,ShermanAmos,0.1
GradyHector,ShermanDarwin,0.1
HamiltonCraig,HamiltonJared,0.1
HamiltonCraig,HumphreyJack,0.1
HamiltonCraig,KillianMarcus,0.1
HamiltonCraig,LoweBrian,0.1
HamiltonCraig,ShermanAmos,0.1
HamiltonCraig,ShermanDarwin,0.1
HamiltonJared,HumphreyJack,0.1
HamiltonJared,KillianMarcus,0.1
HamiltonJared,LoweBrian,0.1
HamiltonJared,ShermanAmos,0.1
HamiltonJared,ShermanDarwin,0.1
HumphreyJack,KillianMarcus,0.1
HumphreyJack,LoweBrian,0.1
HumphreyJack,ShermanAmos,0.1
HumphreyJack,ShermanDarwin,0.1
KillianMarcus,LoweBrian,0.1
KillianMarcus,ShermanAmos,0.1
KillianMarcus,ShermanDarwin,0.1
LoweBrian,ShermanAmos,0.1
LoweBrian,ShermanDarwin,0.1
ShermanAmos,ShermanDarwin,0.1
AbramsChad,GodfreyBrian,0.3333333333333333
AbramsChad,MitchellGabrielle,0.3333333333333333
AbramsChad,PetersAdrian,0.3333333333333333
GodfreyBrian,MitchellGabrielle,0.3333333333333333
GodfreyBrian,PetersAdrian,0.3333333333333333
MitchellGabrielle,PetersAdrian,0.3333333333333333
SquiresJames,SquiresMark,0.5
SquiresJames,StoneRobert,0.5
SquiresMark,StoneRobert,0.5
MarshakWayne,MarshakRuby,1.0
BendixJerryLee,HenryJoseph,1.0
HoweMadelaine,HoweRuth,1.0
JonesHarris,GreenstreetMark,0.5
JonesHarris,TubmanWillie,0.5
GreenstreetMark,TubmanWillie,0.5
MobleyLyle,WittNorma,1.0
SimpsonBart,SimpsonAdella,0.8333333333333333
SimpsonBart,ThompsonBert,0.5
SimpsonAdella,ThompsonBert,0.5
SimpsonBart,DuncanOrrin,0.3333333333333333
SimpsonBart,DuncanScott,0.3333333333333333
SimpsonBart,MorlandKate,0.3333333333333333
DuncanOrrin,DuncanScott,0.3333333333333333
DuncanOrrin,MorlandKate,0.3333333333333333
DuncanScott,MorlandKate,0.3333333333333333
BendixJerryLee,SimpkinsBrenda,1.0
BowersCarl,ChildersBennett,1.0
PaulsonRichard,WeaverOtis,1.0
PaulsonRichard,McConnellPhyllis,0.5
WeaverOtis,McConnellPhyllis,0.5
KeaneArthur,BenderChris,1.3333333333333333
KeaneArthur,RogersKerry,0.25
KeaneArthur,BenderCarlos,0.25
KeaneArthur,KirbyRobertT,0.25
BenderChris,RogersKerry,0.25
BenderChris,BenderCarlos,0.25
BenderChris,KirbyRobertT,0.25
RogersKerry,BenderCarlos,0.25
RogersKerry,KirbyRobertT,0.25
BenderCarlos,KirbyRobertT,0.25
HarriganKieran,BensonAndrew,0.3333333333333333
HarriganKieran,ColeArlene,0.3333333333333333
HarriganKieran,FreedOlivia,0.3333333333333333
BensonAndrew,ColeArlene,0.3333333333333333
BensonAndrew,FreedOlivia,0.3333333333333333
ColeArlene,FreedOlivia,0.3333333333333333
KeaneArthur,JonesEzekial,1.0833333333333333
KeaneArthur,DalyCarl,0.3333333333333333
KeaneArthur,CaseyConor,0.3333333333333333
JonesEzekial,DalyCarl,0.3333333333333333
JonesEzekial,CaseyConor,0.3333333333333333
DalyCarl,CaseyConor,0.3333333333333333
SwiftMaurice,BobbseyPenelope,1.0
SaxeGina,WilsonMac,2.5
JamesMarla,JamesRicardo,0.5
JamesMarla,CallowayKent,0.5
JamesRicardo,CallowayKent,0.5
SnyderBill,WilsonMac,1.0
AbramsChad,BarkerCatherine,0.25
AbramsChad,CourtlandTeresa,0.25
AbramsChad,LittleJessie,0.25
AbramsChad,WilcoxDevon,0.25
BarkerCatherine,CourtlandTeresa,0.25
BarkerCatherine,LittleJessie,0.25
BarkerCatherine,WilcoxDevon,0.25
CourtlandTeresa,LittleJessie,0.25
CourtlandTeresa,WilcoxDevon,0.25
LittleJessie,WilcoxDevon,0.25
AbramsChad,KirklandRudy,1.0
HemphillButch,JuddRoger,0.375
HemphillButch,CallieSharon,0.125
HemphillButch,CassonCarleton,0.125
HemphillButch,PetersBobbie,0.125
HemphillButch,PetersHypatia,0.125
HemphillButch,ReddickJohn,0.125
HemphillButch,SharifLetitia,0.125
HemphillButch,SharifRosheen,0.125
JuddRoger,CallieSharon,0.125
JuddRoger,CassonCarleton,0.125
JuddRoger,PetersBobbie,0.125
JuddRoger,PetersHypatia,0.125
JuddRoger,ReddickJohn,0.125
JuddRoger,SharifLetitia,0.125
JuddRoger,SharifRosheen,0.125
CallieSharon,CassonCarleton,0.125
CallieSharon,PetersBobbie,0.125
CallieSharon,PetersHypatia,0.125
CallieSharon,ReddickJohn,0.125
CallieSharon,SharifLetitia,0.125
CallieSharon,SharifRosheen,0.125
CassonCarleton,PetersBobbie,0.125
CassonCarleton,PetersHypatia,0.125
CassonCarleton,ReddickJohn,0.125
CassonCarleton,SharifLetitia,0.125
CassonCarleton,SharifRosheen,0.125
PetersBobbie,PetersHypatia,0.125
PetersBobbie,ReddickJohn,0.125
PetersBobbie,SharifLetitia,0.125
PetersBobbie,SharifRosheen,0.125
PetersHypatia,ReddickJohn,0.125
PetersHypatia,SharifLetitia,0.125
PetersHypatia,SharifRosheen,0.125
ReddickJohn,SharifLetitia,0.125
ReddickJohn,SharifRosheen,0.125
SharifLetitia,SharifRosheen,0.125
MyersRicky,SellersDoris,0.5
MyersRicky,VincentKenneth,0.8333333333333333
SellersDoris,VincentKenneth,0.5
MinionMaggie,ComptonJack,1.0
PaulsonRichard,KiplingRobert,0.3333333333333333
PaulsonRichard,PaulsonBrenda,0.3333333333333333
PaulsonRichard,PlunkettMary,0.3333333333333333
KiplingRobert,PaulsonBrenda,0.3333333333333333
KiplingRobert,PlunkettMary,0.3333333333333333
PaulsonBrenda,PlunkettMary,0.3333333333333333
BallMelvin,BrillPhilip,0.5
BallMelvin,SimpsonPetey,0.5
BrillPhilip,SimpsonPetey,0.5
JohnsonDennis,SinclairMartin,0.7
JohnsonDennis,LawrenceAmos,0.2
JohnsonDennis,RobbinsTorey,0.2
JohnsonDennis,RobertsJason,0.2
JohnsonDennis,RussellGreg,0.2
SinclairMartin,LawrenceAmos,0.2
SinclairMartin,RobbinsTorey,0.2
SinclairMartin,RobertsJason,0.2
SinclairMartin,RussellGreg,0.2
LawrenceAmos,RobbinsTorey,0.2
LawrenceAmos,RobertsJason,0.2
LawrenceAmos,RussellGreg,0.2
RobbinsTorey,RobertsJason,0.2
RobbinsTorey,RussellGreg,0.2
RobertsJason,RussellGreg,0.2
ElliottRed,WilsonMac,0.5
ElliottRed,RooseveltDre,0.5
WilsonMac,RooseveltDre,0.5
JeffersonBarbi,KillianMary,0.75
JeffersonBarbi,JeffersonArnold,0.5
KillianMary,JeffersonArnold,0.5
WeaverOtis,WeaverPriscilla,1.0
LoftonJames,LaneBecky,0.3333333333333333
LoftonJames,BenthamIan,0.3333333333333333
LoftonJames,GuntherJamie,0.3333333333333333
LaneBecky,BenthamIan,0.3333333333333333
LaneBecky,GuntherJamie,0.3333333333333333
BenthamIan,GuntherJamie,0.3333333333333333
JeffersonBarbi,JeffersonMillie,0.7
JeffersonBarbi,BryantCarol,0.2
JeffersonBarbi,BryantMarcia,0.2
JeffersonBarbi,GradySheryl,0.2
JeffersonBarbi,StockardSue,0.2
JeffersonMillie,BryantCarol,0.2
JeffersonMillie,BryantMarcia,0.2
JeffersonMillie,GradySheryl,0.2
JeffersonMillie,StockardSue,0.2
BryantCarol,BryantMarcia,0.2
BryantCarol,GradySheryl,0.2
BryantCarol,StockardSue,0.2
BryantMarcia,GradySheryl,0.2
BryantMarcia,StockardSue,0.2
GradySheryl,StockardSue,0.2
McConnellPhyllis,AndersonMitch,3.142857142857143
DoranLatonya,RoushLeyla,1.0
McConnellPhyllis,MillerTommy,1.0
PaulsonRichard,LashlyHerb,1.0
DelaneyCarlotta,ParkerPete,1.0
HumphreyAlex,LucasCalvin,0.16666666666666666
HumphreyAlex,DeHavillandBurt,0.16666666666666666
HumphreyAlex,LiptonPaul,0.16666666666666666
HumphreyAlex,PryceAbraham,0.16666666666666666
HumphreyAlex,SimmsPorter,0.16666666666666666
HumphreyAlex,VilaCarlson,0.16666666666666666
LucasCalvin,DeHavillandBurt,0.16666666666666666
LucasCalvin,LiptonPaul,0.16666666666666666
LucasCalvin,PryceAbraham,0.16666666666666666
LucasCalvin,SimmsPorter,0.16666666666666666
LucasCalvin,VilaCarlson,0.16666666666666666
DeHavillandBurt,LiptonPaul,0.16666666666666666
DeHavillandBurt,PryceAbraham,0.16666666666666666
DeHavillandBurt,SimmsPorter,0.16666666666666666
DeHavillandBurt,VilaCarlson,0.16666666666666666
LiptonPaul,PryceAbraham,0.16666666666666666
LiptonPaul,SimmsPorter,0.16666666666666666
LiptonPaul,VilaCarlson,0.16666666666666666
PryceAbraham,SimmsPorter,0.16666666666666666
PryceAbraham,VilaCarlson,0.16666666666666666
SimmsPorter,VilaCarlson,0.16666666666666666
KillianGeorge,PooleRandy,1.0
McConnellPhyllis,AndersonMitch,3.142857142857143
PhillipsPat,GuntherJamie,2.0
CantwellFelecia,BendixJerryLee,0.058823529411764705
CantwellFelecia,MobleyLyle,3.5588235294117645
CantwellFelecia,"Mobley,Sr.Lester",0.5588235294117647
CantwellFelecia,JamesMarla,0.058823529411764705
CantwellFelecia,VickersLester,0.058823529411764705
CantwellFelecia,KeaneArthur,0.058823529411764705
CantwellFelecia,SmothersFreddie,0.058823529411764705
CantwellFelecia,BinderErrol,0.058823529411764705
CantwellFelecia,ParkerSebastian,0.058823529411764705
CantwellFelecia,VestHiroko,0.058823529411764705
CantwellFelecia,StevensRico,0.058823529411764705
CantwellFelecia,VestIrwin,0.058823529411764705
CantwellFelecia,WilliamsonBradford,0.058823529411764705
CantwellFelecia,VestIrma,0.058823529411764705
CantwellFelecia,BendixSharon,0.058823529411764705
CantwellFelecia,ThomassonLaToya,0.058823529411764705
CantwellFelecia,VestMiko,0.058823529411764705
BendixJerryLee,MobleyLyle,0.058823529411764705
BendixJerryLee,"Mobley,Sr.Lester",0.058823529411764705
BendixJerryLee,JamesMarla,0.058823529411764705
BendixJerryLee,VickersLester,0.058823529411764705
BendixJerryLee,KeaneArthur,0.058823529411764705
BendixJerryLee,SmothersFreddie,0.058823529411764705
BendixJerryLee,BinderErrol,0.058823529411764705
BendixJerryLee,ParkerSebastian,0.058823529411764705
BendixJerryLee,VestHiroko,0.058823529411764705
BendixJerryLee,StevensRico,0.058823529411764705
BendixJerryLee,VestIrwin,0.058823529411764705
BendixJerryLee,WilliamsonBradford,0.058823529411764705
BendixJerryLee,VestIrma,0.058823529411764705
BendixJerryLee,BendixSharon,0.058823529411764705
BendixJerryLee,ThomassonLaToya,0.058823529411764705
BendixJerryLee,VestMiko,0.058823529411764705
MobleyLyle,"Mobley,Sr.Lester",0.5588235294117647
MobleyLyle,JamesMarla,2.0588235294117645
MobleyLyle,VickersLester,0.058823529411764705
MobleyLyle,KeaneArthur,0.058823529411764705
MobleyLyle,SmothersFreddie,0.058823529411764705
MobleyLyle,BinderErrol,0.058823529411764705
MobleyLyle,ParkerSebastian,0.058823529411764705
MobleyLyle,VestHiroko,0.058823529411764705
MobleyLyle,StevensRico,0.058823529411764705
MobleyLyle,VestIrwin,0.058823529411764705
MobleyLyle,WilliamsonBradford,0.058823529411764705
MobleyLyle,VestIrma,0.058823529411764705
MobleyLyle,BendixSharon,0.058823529411764705
MobleyLyle,ThomassonLaToya,0.058823529411764705
MobleyLyle,VestMiko,0.058823529411764705
"Mobley,Sr.Lester",JamesMarla,0.058823529411764705
"Mobley,Sr.Lester",VickersLester,0.058823529411764705
"Mobley,Sr.Lester",KeaneArthur,0.058823529411764705
"Mobley,Sr.Lester",SmothersFreddie,0.058823529411764705
"Mobley,Sr.Lester",BinderErrol,0.058823529411764705
"Mobley,Sr.Lester",ParkerSebastian,2.0588235294117645
"Mobley,Sr.Lester",VestHiroko,0.058823529411764705
"Mobley,Sr.Lester",StevensRico,0.058823529411764705
"Mobley,Sr.Lester",VestIrwin,0.058823529411764705
"Mobley,Sr.Lester",WilliamsonBradford,0.058823529411764705
"Mobley,Sr.Lester",VestIrma,0.058823529411764705
"Mobley,Sr.Lester",BendixSharon,0.058823529411764705
"Mobley,Sr.Lester",ThomassonLaToya,0.058823529411764705
"Mobley,Sr.Lester",VestMiko,0.058823529411764705
JamesMarla,VickersLester,0.058823529411764705
JamesMarla,KeaneArthur,0.058823529411764705
JamesMarla,SmothersFreddie,0.058823529411764705
JamesMarla,BinderErrol,0.058823529411764705
JamesMarla,ParkerSebastian,0.058823529411764705
JamesMarla,VestHiroko,0.058823529411764705
JamesMarla,StevensRico,0.058823529411764705
JamesMarla,VestIrwin,0.058823529411764705
JamesMarla,WilliamsonBradford,0.058823529411764705
JamesMarla,VestIrma,0.058823529411764705
JamesMarla,BendixSharon,0.058823529411764705
JamesMarla,ThomassonLaToya,0.058823529411764705
JamesMarla,VestMiko,0.058823529411764705
VickersLester,KeaneArthur,0.058823529411764705
VickersLester,SmothersFreddie,0.058823529411764705
VickersLester,BinderErrol,0.058823529411764705
VickersLester,ParkerSebastian,0.058823529411764705
VickersLester,VestHiroko,0.058823529411764705
VickersLester,StevensRico,0.058823529411764705
VickersLester,VestIrwin,0.058823529411764705
VickersLester,WilliamsonBradford,0.058823529411764705
VickersLester,VestIrma,0.058823529411764705
VickersLester,BendixSharon,0.058823529411764705
VickersLester,ThomassonLaToya,0.058823529411764705
VickersLester,VestMiko,0.058823529411764705
KeaneArthur,SmothersFreddie,0.47549019607843135
KeaneArthur,BinderErrol,0.058823529411764705
KeaneArthur,ParkerSebastian,0.058823529411764705
KeaneArthur,VestHiroko,0.058823529411764705
KeaneArthur,StevensRico,1.3088235294117645
KeaneArthur,VestIrwin,0.058823529411764705
KeaneArthur,WilliamsonBradford,0.5588235294117647
KeaneArthur,VestIrma,0.058823529411764705
KeaneArthur,BendixSharon,0.058823529411764705
KeaneArthur,ThomassonLaToya,0.058823529411764705
KeaneArthur,VestMiko,0.058823529411764705
SmothersFreddie,BinderErrol,0.058823529411764705
SmothersFreddie,ParkerSebastian,0.058823529411764705
SmothersFreddie,VestHiroko,0.058823529411764705
SmothersFreddie,StevensRico,0.7254901960784313
SmothersFreddie,VestIrwin,0.058823529411764705
SmothersFreddie,WilliamsonBradford,0.058823529411764705
SmothersFreddie,VestIrma,0.058823529411764705
SmothersFreddie,BendixSharon,0.058823529411764705
SmothersFreddie,ThomassonLaToya,0.058823529411764705
SmothersFreddie,VestMiko,0.058823529411764705
BinderErrol,ParkerSebastian,0.058823529411764705
BinderErrol,VestHiroko,0.058823529411764705
BinderErrol,StevensRico,0.058823529411764705
BinderErrol,VestIrwin,0.058823529411764705
BinderErrol,WilliamsonBradford,0.058823529411764705
BinderErrol,VestIrma,0.058823529411764705
BinderErrol,BendixSharon,0.058823529411764705
BinderErrol,ThomassonLaToya,0.058823529411764705
BinderErrol,VestMiko,0.058823529411764705
ParkerSebastian,VestHiroko,0.5588235294117647
ParkerSebastian,StevensRico,0.058823529411764705
ParkerSebastian,VestIrwin,0.058823529411764705
ParkerSebastian,WilliamsonBradford,0.058823529411764705
ParkerSebastian,VestIrma,0.058823529411764705
ParkerSebastian,BendixSharon,0.058823529411764705
ParkerSebastian,ThomassonLaToya,0.058823529411764705
ParkerSebastian,VestMiko,0.058823529411764705
VestHiroko,StevensRico,0.058823529411764705
VestHiroko,VestIrwin,0.058823529411764705
VestHiroko,WilliamsonBradford,0.058823529411764705
VestHiroko,VestIrma,0.058823529411764705
VestHiroko,BendixSharon,0.058823529411764705
VestHiroko,ThomassonLaToya,0.058823529411764705
VestHiroko,VestMiko,0.058823529411764705
StevensRico,VestIrwin,0.058823529411764705
StevensRico,WilliamsonBradford,0.058823529411764705
StevensRico,VestIrma,0.058823529411764705
StevensRico,BendixSharon,0.058823529411764705
StevensRico,ThomassonLaToya,0.058823529411764705
StevensRico,VestMiko,0.058823529411764705
VestIrwin,WilliamsonBradford,0.058823529411764705
VestIrwin,VestIrma,0.058823529411764705
VestIrwin,BendixSharon,0.058823529411764705
VestIrwin,ThomassonLaToya,0.058823529411764705
VestIrwin,VestMiko,0.058823529411764705
WilliamsonBradford,VestIrma,0.058823529411764705
WilliamsonBradford,BendixSharon,0.058823529411764705
WilliamsonBradford,ThomassonLaToya,0.058823529411764705
WilliamsonBradford,VestMiko,0.058823529411764705
VestIrma,BendixSharon,0.058823529411764705
VestIrma,ThomassonLaToya,0.058823529411764705
VestIrma,VestMiko,0.058823529411764705
BendixSharon,ThomassonLaToya,0.058823529411764705
BendixSharon,VestMiko,0.058823529411764705
ThomassonLaToya,VestMiko,0.058823529411764705
GeorgeBuster,ThomasJack,0.2
GeorgeBuster,CrawfordJim,0.2
GeorgeBuster,HewittCarl,0.2
GeorgeBuster,LeeCrystal,0.2
GeorgeBuster,WinfreyAlice,0.2
ThomasJack,CrawfordJim,0.2
ThomasJack,HewittCarl,0.2
ThomasJack,LeeCrystal,0.2
ThomasJack,WinfreyAlice,0.2
CrawfordJim,HewittCarl,0.2
CrawfordJim,LeeCrystal,0.2
CrawfordJim,WinfreyAlice,0.2
HewittCarl,LeeCrystal,0.2
HewittCarl,WinfreyAlice,0.2
LeeCrystal,WinfreyAlice,0.2
MarionJoe,HerbertSean,0.5833333333333334
MarionJoe,JonesEzekial,0.5833333333333334
HerbertSean,JonesEzekial,0.5
WilsonMac,PintaMimi,1.0
JeffersonBarbi,LondonRay,0.25
JeffersonBarbi,JeffersonAlbert,0.25
JeffersonBarbi,KillianMary,0.75
JeffersonBarbi,SpringerWilliam,0.25
LondonRay,JeffersonAlbert,0.25
LondonRay,KillianMary,0.25
LondonRay,SpringerWilliam,0.25
JeffersonAlbert,KillianMary,0.25
JeffersonAlbert,SpringerWilliam,0.25
KillianMary,SpringerWilliam,0.25
HarrisonRobert,WhiteAndrew,1.0
DicksonCarter,StoneRobert,1.0
ConorArthur,FoxGillian,1.0
WittNorma,PerkinsGeorge,1.0
HemphillButch,WestPhoebe,0.5833333333333333
HemphillButch,PerryZachariah,0.25
HemphillButch,RamseyBob,0.25
HemphillButch,TateCarol,0.75
WestPhoebe,PerryZachariah,0.25
WestPhoebe,RamseyBob,0.25
WestPhoebe,TateCarol,0.25
PerryZachariah,RamseyBob,0.25
PerryZachariah,TateCarol,0.25
RamseyBob,TateCarol,0.25
SmothersFreddie,DanversRandy,1.0
MyersRicky,AndrewsJoan,0.25
MyersRicky,HarteNicki,0.25
MyersRicky,SnyderJoanie,0.25
MyersRicky,VickersYolanda,0.25
AndrewsJoan,HarteNicki,0.25
AndrewsJoan,SnyderJoanie,0.25
AndrewsJoan,VickersYolanda,0.25
HarteNicki,SnyderJoanie,0.25
HarteNicki,VickersYolanda,0.25
SnyderJoanie,VickersYolanda,0.25
BenderChris,DysonBert,0.14285714285714285
BenderChris,EaganLowell,0.14285714285714285
BenderChris,MerrickCarter,0.14285714285714285
BenderChris,PowersErnest,0.14285714285714285
BenderChris,SinclairJanice,0.14285714285714285
BenderChris,SpinnerJudy,0.14285714285714285
BenderChris,ThomasMarcia,0.14285714285714285
DysonBert,EaganLowell,0.14285714285714285
DysonBert,MerrickCarter,0.14285714285714285
DysonBert,PowersErnest,0.14285714285714285
DysonBert,SinclairJanice,0.14285714285714285
DysonBert,SpinnerJudy,0.14285714285714285
DysonBert,ThomasMarcia,0.14285714285714285
EaganLowell,MerrickCarter,0.14285714285714285
EaganLowell,PowersErnest,0.14285714285714285
EaganLowell,SinclairJanice,0.14285714285714285
EaganLowell,SpinnerJudy,0.14285714285714285
EaganLowell,ThomasMarcia,0.14285714285714285
MerrickCarter,PowersErnest,0.14285714285714285
MerrickCarter,SinclairJanice,0.14285714285714285
MerrickCarter,SpinnerJudy,0.14285714285714285
MerrickCarter,ThomasMarcia,0.14285714285714285
PowersErnest,SinclairJanice,0.14285714285714285
PowersErnest,SpinnerJudy,0.14285714285714285
PowersErnest,ThomasMarcia,0.14285714285714285
SinclairJanice,SpinnerJudy,0.14285714285714285
SinclairJanice,ThomasMarcia,0.14285714285714285
SpinnerJudy,ThomasMarcia,0.14285714285714285
CarletonBonnie,NeelyRandall,1.0
HarrisonRobert,GivensSherry,1.0
AbramsChad,BerkleyCallie,3.5
AbramsChad,BowlesDiana,0.5
BerkleyCallie,BowlesDiana,0.5
AbramsChad,HemphillButch,0.3333333333333333
AbramsChad,KingstonRyan,0.08333333333333333
AbramsChad,GootschalkGinny,0.08333333333333333
AbramsChad,DeckerLyle,0.08333333333333333
AbramsChad,HalseyWalter,1.0833333333333333
AbramsChad,HenleyThaddeus,0.22619047619047616
AbramsChad,LondonBaxter,0.08333333333333333
AbramsChad,MarkessQueenie,0.08333333333333333
AbramsChad,O'MalleyBilly,0.08333333333333333
AbramsChad,SandersonStuart,0.08333333333333333
AbramsChad,ScottDonal,0.08333333333333333
AbramsChad,VincentColin,0.08333333333333333
HemphillButch,KingstonRyan,0.08333333333333333
HemphillButch,GootschalkGinny,0.08333333333333333
HemphillButch,DeckerLyle,0.08333333333333333
HemphillButch,HalseyWalter,0.08333333333333333
HemphillButch,HenleyThaddeus,0.08333333333333333
HemphillButch,LondonBaxter,0.08333333333333333
HemphillButch,MarkessQueenie,0.08333333333333333
HemphillButch,O'MalleyBilly,0.08333333333333333
HemphillButch,SandersonStuart,0.08333333333333333
HemphillButch,ScottDonal,0.08333333333333333
HemphillButch,VincentColin,0.08333333333333333
KingstonRyan,GootschalkGinny,0.08333333333333333
KingstonRyan,DeckerLyle,0.08333333333333333
KingstonRyan,HalseyWalter,0.08333333333333333
KingstonRyan,HenleyThaddeus,0.08333333333333333
KingstonRyan,LondonBaxter,0.08333333333333333
KingstonRyan,MarkessQueenie,0.08333333333333333
KingstonRyan,O'MalleyBilly,0.08333333333333333
KingstonRyan,SandersonStuart,0.08333333333333333
KingstonRyan,ScottDonal,0.08333333333333333
KingstonRyan,VincentColin,0.08333333333333333
GootschalkGinny,DeckerLyle,0.08333333333333333
GootschalkGinny,HalseyWalter,0.08333333333333333
GootschalkGinny,HenleyThaddeus,0.08333333333333333
GootschalkGinny,LondonBaxter,0.08333333333333333
GootschalkGinny,MarkessQueenie,0.08333333333333333
GootschalkGinny,O'MalleyBilly,0.08333333333333333
GootschalkGinny,SandersonStuart,0.08333333333333333
GootschalkGinny,ScottDonal,0.08333333333333333
GootschalkGinny,VincentColin,0.08333333333333333
DeckerLyle,HalseyWalter,0.08333333333333333
DeckerLyle,HenleyThaddeus,0.08333333333333333
DeckerLyle,LondonBaxter,0.08333333333333333
DeckerLyle,MarkessQueenie,0.08333333333333333
DeckerLyle,O'MalleyBilly,0.08333333333333333
DeckerLyle,SandersonStuart,0.08333333333333333
DeckerLyle,ScottDonal,0.08333333333333333
DeckerLyle,VincentColin,0.08333333333333333
HalseyWalter,HenleyThaddeus,0.08333333333333333
HalseyWalter,LondonBaxter,0.08333333333333333
HalseyWalter,MarkessQueenie,0.08333333333333333
HalseyWalter,O'MalleyBilly,0.08333333333333333
HalseyWalter,SandersonStuart,0.08333333333333333
HalseyWalter,ScottDonal,0.08333333333333333
HalseyWalter,VincentColin,0.08333333333333333
HenleyThaddeus,LondonBaxter,0.08333333333333333
HenleyThaddeus,MarkessQueenie,0.08333333333333333
HenleyThaddeus,O'MalleyBilly,0.08333333333333333
HenleyThaddeus,SandersonStuart,0.08333333333333333
HenleyThaddeus,ScottDonal,0.08333333333333333
HenleyThaddeus,VincentColin,0.08333333333333333
LondonBaxter,MarkessQueenie,0.08333333333333333
LondonBaxter,O'MalleyBilly,0.08333333333333333
LondonBaxter,SandersonStuart,0.08333333333333333
LondonBaxter,ScottDonal,0.08333333333333333
LondonBaxter,VincentColin,0.08333333333333333
MarkessQueenie,O'MalleyBilly,0.08333333333333333
MarkessQueenie,SandersonStuart,0.08333333333333333
MarkessQueenie,ScottDonal,0.08333333333333333
MarkessQueenie,VincentColin,0.08333333333333333
O'MalleyBilly,SandersonStuart,0.08333333333333333
O'MalleyBilly,ScottDonal,0.08333333333333333
O'MalleyBilly,VincentColin,0.08333333333333333
SandersonStuart,ScottDonal,0.08333333333333333
SandersonStuart,VincentColin,0.08333333333333333
ScottDonal,VincentColin,0.08333333333333333
BendixJerryLee,AlexanderNolan,1.0
WilsonMac,HamiltonTerrance,1.0
HayesElla,FordEric,0.5
HayesElla,SummersWade,0.5
FordEric,SummersWade,0.5
AlexanderNolan,BerginCollin,0.125
AlexanderNolan,CarlMax,0.125
AlexanderNolan,GibbonsToby,0.125
AlexanderNolan,GideonMario,0.125
AlexanderNolan,HeronJason,0.125
AlexanderNolan,MilburnJohn,0.125
AlexanderNolan,MuldoonAlex,0.125
AlexanderNolan,MuldoonJoe,0.125
BerginCollin,CarlMax,0.125
BerginCollin,GibbonsToby,0.125
BerginCollin,GideonMario,0.125
BerginCollin,HeronJason,0.125
BerginCollin,MilburnJohn,0.125
BerginCollin,MuldoonAlex,0.125
BerginCollin,MuldoonJoe,0.125
CarlMax,GibbonsToby,0.125
CarlMax,GideonMario,0.125
CarlMax,HeronJason,0.125
CarlMax,MilburnJohn,0.125
CarlMax,MuldoonAlex,0.125
CarlMax,MuldoonJoe,0.125
GibbonsToby,GideonMario,0.125
GibbonsToby,HeronJason,0.125
GibbonsToby,MilburnJohn,0.125
GibbonsToby,MuldoonAlex,0.125
GibbonsToby,MuldoonJoe,0.125
GideonMario,HeronJason,0.125
GideonMario,MilburnJohn,0.125
GideonMario,MuldoonAlex,0.125
GideonMario,MuldoonJoe,0.125
HeronJason,MilburnJohn,0.125
HeronJason,MuldoonAlex,0.125
HeronJason,MuldoonJoe,0.125
MilburnJohn,MuldoonAlex,0.125
MilburnJohn,MuldoonJoe,0.125
MuldoonAlex,MuldoonJoe,0.125
ButlerKay,WilsonMac,0.5
ButlerKay,KinneyDiane,0.5
WilsonMac,KinneyDiane,0.5
HumphreyAlex,DemarcoWillie,0.5
HumphreyAlex,GriggsOmar,0.5
DemarcoWillie,GriggsOmar,0.5
AlleynCamilla,ParkerByron,0.5
AlleynCamilla,StepneyGladys,0.5
ParkerByron,StepneyGladys,0.5
SimpsonBart,SimpsonAdella,0.8333333333333333
SimpsonBart,ThompsonAndy,0.5833333333333333
SimpsonBart,WilburDean,0.3333333333333333
SimpsonAdella,ThompsonAndy,0.3333333333333333
SimpsonAdella,WilburDean,0.3333333333333333
ThompsonAndy,WilburDean,0.3333333333333333
AbramsChad,GreenMason,0.3333333333333333
AbramsChad,StanleyMaurice,0.3333333333333333
AbramsChad,VaneseJackie,0.3333333333333333
GreenMason,StanleyMaurice,0.3333333333333333
GreenMason,VaneseJackie,0.3333333333333333
StanleyMaurice,VaneseJackie,0.3333333333333333
BurnleyAaron,GorhamStella,0.25
BurnleyAaron,IlerWilliam,0.25
BurnleyAaron,KinnardJeff,0.25
BurnleyAaron,LaramoreErin,0.25
GorhamStella,IlerWilliam,0.25
GorhamStella,KinnardJeff,0.25
GorhamStella,LaramoreErin,0.25
IlerWilliam,KinnardJeff,0.25
IlerWilliam,LaramoreErin,0.25
KinnardJeff,LaramoreErin,0.25
KeaneArthur,BenderChris,1.3333333333333333
HeinzGladys,SmithArthur,1.0
CarlsonJames,CarlsonSylvester,0.25
CarlsonJames,FagenTiffany,0.25
CarlsonJames,MorganDon,0.25
CarlsonJames,WilkinsBrenda,0.25
CarlsonSylvester,FagenTiffany,0.25
CarlsonSylvester,MorganDon,0.25
CarlsonSylvester,WilkinsBrenda,0.25
FagenTiffany,MorganDon,0.25
FagenTiffany,WilkinsBrenda,0.25
MorganDon,WilkinsBrenda,0.25
BeckerToby,HillJim,0.16666666666666666
BeckerToby,KingMalcolm,0.16666666666666666
BeckerToby,ReedKelvin,0.16666666666666666
BeckerToby,"Richardson, Jr.Luke",0.16666666666666666
BeckerToby,RosenHenry,0.16666666666666666
BeckerToby,TylerOwen,0.16666666666666666
HillJim,KingMalcolm,0.16666666666666666
HillJim,ReedKelvin,0.16666666666666666
HillJim,"Richardson, Jr.Luke",0.16666666666666666
HillJim,RosenHenry,0.16666666666666666
HillJim,TylerOwen,0.16666666666666666
KingMalcolm,ReedKelvin,0.16666666666666666
KingMalcolm,"Richardson, Jr.Luke",0.16666666666666666
KingMalcolm,RosenHenry,0.16666666666666666
KingMalcolm,TylerOwen,0.16666666666666666
ReedKelvin,"Richardson, Jr.Luke",0.16666666666666666
ReedKelvin,RosenHenry,0.16666666666666666
ReedKelvin,TylerOwen,0.16666666666666666
"Richardson, Jr.Luke",RosenHenry,0.16666666666666666
"Richardson, Jr.Luke",TylerOwen,0.16666666666666666
RosenHenry,TylerOwen,0.16666666666666666
HenryJoseph,MasonWillis,1.0
CramerNancy,BishopDaniel,0.3333333333333333
CramerNancy,BowersCarl,0.3333333333333333
CramerNancy,SteinerCatherine,0.3333333333333333
BishopDaniel,BowersCarl,0.3333333333333333
BishopDaniel,SteinerCatherine,0.3333333333333333
BowersCarl,SteinerCatherine,0.3333333333333333
HarrisonAnnie,SnyderBill,2.5
HarrisonAnnie,SpragueShirley,0.5
SnyderBill,SpragueShirley,0.5
AlexanderNolan,PakulaNan,1.25
TrotterBruce,QuailRodney,1.0
BuffetteRachel,YardlyNigel,1.0
BrillKevin,BrillPhilip,0.2
BrillKevin,DavisAaron,0.2
BrillKevin,ElderKerry,0.2
BrillKevin,MillerJeff,0.2
BrillKevin,TraskBenjie,0.2
BrillPhilip,DavisAaron,0.2
BrillPhilip,ElderKerry,0.2
BrillPhilip,MillerJeff,0.2
BrillPhilip,TraskBenjie,0.2
DavisAaron,ElderKerry,0.2
DavisAaron,MillerJeff,0.2
DavisAaron,TraskBenjie,0.2
ElderKerry,MillerJeff,0.2
ElderKerry,TraskBenjie,0.2
MillerJeff,TraskBenjie,0.2
McConnellPhyllis,TroutBernard,1.0
ChandlerSusie,ConorArthur,2.0
BendixJerryLee,BendixLaToya,0.5833333333333333
BendixJerryLee,GodfreyTalia,0.9166666666666666
BendixJerryLee,JohnstonJustin,1.25
BendixJerryLee,WashingtonCraig,0.25
BendixLaToya,GodfreyTalia,0.5833333333333333
BendixLaToya,JohnstonJustin,0.25
BendixLaToya,WashingtonCraig,0.25
GodfreyTalia,JohnstonJustin,0.25
GodfreyTalia,WashingtonCraig,0.25
JohnstonJustin,WashingtonCraig,0.25
McConnellPhyllis,AndersonMitch,3.142857142857143
WeaverOtis,MadisonSonny,0.5
WeaverOtis,NanceBenny,0.5
MadisonSonny,NanceBenny,0.5
AlexanderNolan,DoranLatonya,1.0909090909090908
CarverJustin,CoxJaimie,0.5
CarverJustin,PippinsJeffrey,0.5
CoxJaimie,PippinsJeffrey,0.5
CantwellFelecia,MobleyLyle,3.5588235294117645
CantwellFelecia,"Mobley,Sr.Lester",0.5588235294117647
MobleyLyle,"Mobley,Sr.Lester",0.5588235294117647
AlexanderNolan,GellarLindsay,0.3333333333333333
AlexanderNolan,HolmesMort,0.3333333333333333
AlexanderNolan,KentonMelba,0.3333333333333333
GellarLindsay,HolmesMort,0.3333333333333333
GellarLindsay,KentonMelba,0.3333333333333333
HolmesMort,KentonMelba,0.3333333333333333
DicksonCatherine,HavillandDennis,0.16666666666666666
DicksonCatherine,JosephReggie,0.16666666666666666
DicksonCatherine,NorrisClayton,0.16666666666666666
DicksonCatherine,PrattJames,0.16666666666666666
DicksonCatherine,QuaidRyan,0.16666666666666666
DicksonCatherine,ThomasReese,0.16666666666666666
HavillandDennis,JosephReggie,0.16666666666666666
HavillandDennis,NorrisClayton,0.16666666666666666
HavillandDennis,PrattJames,0.16666666666666666
HavillandDennis,QuaidRyan,0.16666666666666666
HavillandDennis,ThomasReese,0.16666666666666666
JosephReggie,NorrisClayton,0.16666666666666666
JosephReggie,PrattJames,0.16666666666666666
JosephReggie,QuaidRyan,0.16666666666666666
JosephReggie,ThomasReese,0.16666666666666666
NorrisClayton,PrattJames,0.16666666666666666
NorrisClayton,QuaidRyan,0.16666666666666666
NorrisClayton,ThomasReese,0.16666666666666666
PrattJames,QuaidRyan,0.16666666666666666
PrattJames,ThomasReese,0.16666666666666666
QuaidRyan,ThomasReese,0.16666666666666666
DicksonCarter,HendersonWillie,1.0
EvansJay,ThomasJack,1.0
BlackRuth,TuckerArchie,4.5
MorganDon,FrostAlice,0.2
MorganDon,WilsonMac,0.2
MorganDon,KatzLuella,0.2
MorganDon,AndersonMitch,0.2
MorganDon,FranklinSid,0.2
FrostAlice,WilsonMac,0.2
FrostAlice,KatzLuella,0.2
FrostAlice,AndersonMitch,0.2
FrostAlice,FranklinSid,0.2
WilsonMac,KatzLuella,0.2
WilsonMac,AndersonMitch,0.2
WilsonMac,FranklinSid,0.2
KatzLuella,AndersonMitch,0.2
KatzLuella,FranklinSid,0.2
AndersonMitch,FranklinSid,0.2
WhiteAndrew,HilyardWinston,1.0
ComptonDennis,HurstLenny,0.3333333333333333
ComptonDennis,QuincyMike,0.3333333333333333
ComptonDennis,ShawAmanda,0.3333333333333333
HurstLenny,QuincyMike,0.3333333333333333
HurstLenny,ShawAmanda,0.3333333333333333
QuincyMike,ShawAmanda,0.3333333333333333
PerryFrank,BergDon,0.3333333333333333
PerryFrank,DicksonCarter,0.3333333333333333
PerryFrank,SwiftMaurice,0.3333333333333333
BergDon,DicksonCarter,0.3333333333333333
BergDon,SwiftMaurice,0.3333333333333333
DicksonCarter,SwiftMaurice,0.8333333333333333
AlleynCamilla,HallLiz,0.3333333333333333
AlleynCamilla,HallNancy,0.3333333333333333
AlleynCamilla,ThurmanJohn,0.3333333333333333
HallLiz,HallNancy,0.3333333333333333
HallLiz,ThurmanJohn,0.3333333333333333
HallNancy,ThurmanJohn,0.3333333333333333
RhodesGarrett,EdwardsKim,1.0
DicksonCarter,JohnsonDennis,0.5
DicksonCarter,SinclairMartin,0.5
JohnsonDennis,SinclairMartin,0.7
CarverJustin,CarverJason,0.3666666666666667
CarverJustin,BradleyBill,0.16666666666666666
CarverJustin,ChanningCarter,0.16666666666666666
CarverJustin,FindlayGary,0.16666666666666666
CarverJustin,HensonClifford,0.16666666666666666
CarverJustin,PowersKenrick,0.16666666666666666
CarverJason,BradleyBill,0.16666666666666666
CarverJason,ChanningCarter,0.16666666666666666
CarverJason,FindlayGary,0.16666666666666666
CarverJason,HensonClifford,0.16666666666666666
CarverJason,PowersKenrick,0.16666666666666666
BradleyBill,ChanningCarter,0.16666666666666666
BradleyBill,FindlayGary,0.16666666666666666
BradleyBill,HensonClifford,0.16666666666666666
BradleyBill,PowersKenrick,0.16666666666666666
ChanningCarter,FindlayGary,0.16666666666666666
ChanningCarter,HensonClifford,0.16666666666666666
ChanningCarter,PowersKenrick,0.16666666666666666
FindlayGary,HensonClifford,0.16666666666666666
FindlayGary,PowersKenrick,0.16666666666666666
HensonClifford,PowersKenrick,0.16666666666666666
BrowningCalder,SwiftMaurice,1.0
SandersonKatie,BosticDan,4.0
ChambersGina,HenryIsaac,1.0
AshRalph,HenryJoseph,0.25
AshRalph,JuddJulius,0.25
AshRalph,MillerWynton,0.25
AshRalph,MintonCorey,0.25
HenryJoseph,JuddJulius,0.25
HenryJoseph,MillerWynton,0.25
HenryJoseph,MintonCorey,0.25
JuddJulius,MillerWynton,0.25
JuddJulius,MintonCorey,0.25
MillerWynton,MintonCorey,0.25
DukeAmelia,MillerTommy,1.0
SandersonKatie,DicksonCatherine,0.3333333333333333
SandersonKatie,BartelsAmy,0.3333333333333333
SandersonKatie,KatzLuella,0.3333333333333333
DicksonCatherine,BartelsAmy,0.3333333333333333
DicksonCatherine,KatzLuella,0.3333333333333333
BartelsAmy,KatzLuella,0.3333333333333333
BallMelvin,GummJean,1.0
RevelleErskine,AveryPhil,0.25
RevelleErskine,BaconFrancis,0.25
RevelleErskine,GarveyClive,0.25
RevelleErskine,TravisDavid,0.25
AveryPhil,BaconFrancis,0.25
AveryPhil,GarveyClive,0.25
AveryPhil,TravisDavid,0.25
BaconFrancis,GarveyClive,0.25
BaconFrancis,TravisDavid,0.25
GarveyClive,TravisDavid,0.25
BartelsAmy,PaigeBobby,0.25
BartelsAmy,GreenDora,0.25
BartelsAmy,ReeseBelinda,0.25
BartelsAmy,ValetRonnell,0.25
PaigeBobby,GreenDora,0.25
PaigeBobby,ReeseBelinda,0.25
PaigeBobby,ValetRonnell,0.25
GreenDora,ReeseBelinda,0.25
GreenDora,ValetRonnell,0.25
ReeseBelinda,ValetRonnell,0.25
BendixJerryLee,CheathamBarry,0.5
BendixJerryLee,GeraldDidi,0.5
CheathamBarry,GeraldDidi,1.5
CharlesShelley,DanielsRandy,0.14285714285714285
CharlesShelley,DeauvilleJean,0.14285714285714285
CharlesShelley,DunbarOwen,0.14285714285714285
CharlesShelley,FaulkDavid,0.14285714285714285
CharlesShelley,FremontLinda,0.14285714285714285
CharlesShelley,GilliganErin,0.14285714285714285
CharlesShelley,KiplingerLisa,0.14285714285714285
DanielsRandy,DeauvilleJean,0.14285714285714285
DanielsRandy,DunbarOwen,0.14285714285714285
DanielsRandy,FaulkDavid,0.14285714285714285
DanielsRandy,FremontLinda,0.14285714285714285
DanielsRandy,GilliganErin,0.14285714285714285
DanielsRandy,KiplingerLisa,0.14285714285714285
DeauvilleJean,DunbarOwen,0.14285714285714285
DeauvilleJean,FaulkDavid,0.14285714285714285
DeauvilleJean,FremontLinda,0.14285714285714285
DeauvilleJean,GilliganErin,0.14285714285714285
DeauvilleJean,KiplingerLisa,0.14285714285714285
DunbarOwen,FaulkDavid,0.14285714285714285
DunbarOwen,FremontLinda,0.14285714285714285
DunbarOwen,GilliganErin,0.14285714285714285
DunbarOwen,KiplingerLisa,0.14285714285714285
FaulkDavid,FremontLinda,0.14285714285714285
FaulkDavid,GilliganErin,0.14285714285714285
FaulkDavid,KiplingerLisa,0.14285714285714285
FremontLinda,GilliganErin,0.14285714285714285
FremontLinda,KiplingerLisa,0.14285714285714285
GilliganErin,KiplingerLisa,0.14285714285714285
KeaneArthur,CollinsRuben,0.5
KeaneArthur,WilliamsonBradford,0.5588235294117647
CollinsRuben,WilliamsonBradford,0.5
GoodingTerrell,FaulkSteve,1.0
DelaneyCarlotta,ConklinShelley,0.3333333333333333
DelaneyCarlotta,DeeBetty,0.3333333333333333
DelaneyCarlotta,PiperMary,0.3333333333333333
ConklinShelley,DeeBetty,0.3333333333333333
ConklinShelley,PiperMary,0.3333333333333333
DeeBetty,PiperMary,0.3333333333333333
PittDonna,CoxNathan,1.0
DelaneyCarlotta,WilliamsonBradford,0.5
DelaneyCarlotta,HendersonGary,0.5
WilliamsonBradford,HendersonGary,0.5
HarriganKieran,MastersHelen,0.5
HarriganKieran,MichaelsLisa,0.5
MastersHelen,MichaelsLisa,0.5
SmithAnthony,GrantHarry,1.0
JeffersonBarbi,AndrewsAlice,0.3333333333333333
JeffersonBarbi,AndrewsHowie,0.3333333333333333
JeffersonBarbi,JeffersonTara,0.3333333333333333
AndrewsAlice,AndrewsHowie,0.3333333333333333
AndrewsAlice,JeffersonTara,0.3333333333333333
AndrewsHowie,JeffersonTara,0.3333333333333333
MorganDon,CarrollMegan,1.0
BallMelvin,WhiteAndrew,1.2
BallMelvin,HastingsLynette,0.5
WhiteAndrew,HastingsLynette,0.5
GradySheryl,ShawMelissa,1.0
CheathamBarry,CarrVirginia,0.5
CheathamBarry,CheathamMaurice,0.5
CarrVirginia,CheathamMaurice,0.5
BowersCarl,BarkerQuincy,0.3333333333333333
BowersCarl,BarkerMarianne,0.3333333333333333
BowersCarl,ElderKerry,0.3333333333333333
BarkerQuincy,BarkerMarianne,0.3333333333333333
BarkerQuincy,ElderKerry,0.3333333333333333
BarkerMarianne,ElderKerry,0.3333333333333333
KeaneArthur,FieldsWalter,1.0
PaulsonRichard,DalyTim,0.5
PaulsonRichard,WeaverOtis,1.0
DalyTim,WeaverOtis,0.5
McLeodMatt,EasterlyAlan,1.0
MarshakWayne,MarshakDarrell,1.0
HallNancy,HallDavid,0.5
HallNancy,FordJimmie,0.5
HallDavid,FordJimmie,0.5
HemphillButch,BrownReggie,0.5
HemphillButch,HemphillBud,0.5
BrownReggie,HemphillBud,0.5
McCainMike,ChampionWes,0.5
McCainMike,TatumAnna,0.5
ChampionWes,TatumAnna,0.5
KeaneArthur,JonesEzekial,1.0833333333333333
KeaneArthur,SmothersFreddie,0.47549019607843135
KeaneArthur,StevensRico,1.3088235294117645
JonesEzekial,SmothersFreddie,1.4166666666666665
JonesEzekial,StevensRico,0.6666666666666666
SmothersFreddie,StevensRico,0.7254901960784313
MyersRicky,BernardoBill,1.0
AbramsChad,BerkleyCallie,3.5
WittNorma,CaneArlen,0.5
WittNorma,MailerMary,0.5
CaneArlen,MailerMary,0.5
CantwellFelecia,MobleyLyle,3.5588235294117645
BendixJerryLee,SmithMichaelThomas,1.0
DicksonCarter,EdwardsKim,0.5
DicksonCarter,MoweElwood,0.5
EdwardsKim,MoweElwood,0.5
MarionJoe,AdamsCurtis,0.14285714285714285
MarionJoe,BillupsCarlton,0.22619047619047616
MarionJoe,BrassManuel,0.22619047619047616
MarionJoe,BulwerJames,0.22619047619047616
MarionJoe,PinkneyTyler,0.14285714285714285
MarionJoe,RodriquezSantos,0.14285714285714285
MarionJoe,WidenerMelvin,0.14285714285714285
AdamsCurtis,BillupsCarlton,0.14285714285714285
AdamsCurtis,BrassManuel,0.14285714285714285
AdamsCurtis,BulwerJames,0.14285714285714285
AdamsCurtis,PinkneyTyler,0.14285714285714285
AdamsCurtis,RodriquezSantos,0.14285714285714285
AdamsCurtis,WidenerMelvin,0.14285714285714285
BillupsCarlton,BrassManuel,0.22619047619047616
BillupsCarlton,BulwerJames,0.14285714285714285
BillupsCarlton,PinkneyTyler,0.14285714285714285
BillupsCarlton,RodriquezSantos,0.14285714285714285
BillupsCarlton,WidenerMelvin,0.14285714285714285
BrassManuel,BulwerJames,0.14285714285714285
BrassManuel,PinkneyTyler,0.14285714285714285
BrassManuel,RodriquezSantos,0.14285714285714285
BrassManuel,WidenerMelvin,0.14285714285714285
BulwerJames,PinkneyTyler,0.14285714285714285
BulwerJames,RodriquezSantos,0.14285714285714285
BulwerJames,WidenerMelvin,0.14285714285714285
PinkneyTyler,RodriquezSantos,0.14285714285714285
PinkneyTyler,WidenerMelvin,0.14285714285714285
RodriquezSantos,WidenerMelvin,0.14285714285714285
BartonGermal,HumphreyAlex,0.5
BartonGermal,RobertsAntoine,0.5
HumphreyAlex,RobertsAntoine,0.5
MarionJoe,BulwerJames,0.22619047619047616
MarionJoe,KeaneArthur,0.16666666666666666
MarionJoe,BenderChris,0.08333333333333333
MarionJoe,BixbyCarson,0.08333333333333333
MarionJoe,BradleyCharlie,0.08333333333333333
MarionJoe,FurstJosh,0.08333333333333333
MarionJoe,HartJared,0.08333333333333333
MarionJoe,JenkinsViolet,0.08333333333333333
MarionJoe,JonesEzekial,0.5833333333333334
MarionJoe,KirklandRudy,0.08333333333333333
MarionJoe,RhodesGarrett,0.08333333333333333
MarionJoe,SmothersFreddie,0.08333333333333333
BulwerJames,KeaneArthur,0.08333333333333333
BulwerJames,BenderChris,0.08333333333333333
BulwerJames,BixbyCarson,0.08333333333333333
BulwerJames,BradleyCharlie,0.08333333333333333
BulwerJames,FurstJosh,0.08333333333333333
BulwerJames,HartJared,0.08333333333333333
BulwerJames,JenkinsViolet,0.08333333333333333
BulwerJames,JonesEzekial,0.08333333333333333
BulwerJames,KirklandRudy,0.08333333333333333
BulwerJames,RhodesGarrett,0.08333333333333333
BulwerJames,SmothersFreddie,0.08333333333333333
KeaneArthur,BenderChris,1.3333333333333333
KeaneArthur,BixbyCarson,0.08333333333333333
KeaneArthur,BradleyCharlie,0.08333333333333333
KeaneArthur,FurstJosh,0.08333333333333333
KeaneArthur,HartJared,0.08333333333333333
KeaneArthur,JenkinsViolet,0.08333333333333333
KeaneArthur,JonesEzekial,1.0833333333333333
KeaneArthur,KirklandRudy,0.08333333333333333
KeaneArthur,RhodesGarrett,0.08333333333333333
KeaneArthur,SmothersFreddie,0.47549019607843135
BenderChris,BixbyCarson,0.08333333333333333
BenderChris,BradleyCharlie,0.08333333333333333
BenderChris,FurstJosh,0.08333333333333333
BenderChris,HartJared,0.08333333333333333
BenderChris,JenkinsViolet,0.08333333333333333
BenderChris,JonesEzekial,0.08333333333333333
BenderChris,KirklandRudy,0.08333333333333333
BenderChris,RhodesGarrett,0.08333333333333333
BenderChris,SmothersFreddie,0.08333333333333333
BixbyCarson,BradleyCharlie,0.08333333333333333
BixbyCarson,FurstJosh,0.08333333333333333
BixbyCarson,HartJared,0.08333333333333333
BixbyCarson,JenkinsViolet,0.08333333333333333
BixbyCarson,JonesEzekial,0.08333333333333333
BixbyCarson,KirklandRudy,0.08333333333333333
BixbyCarson,RhodesGarrett,0.08333333333333333
BixbyCarson,SmothersFreddie,0.08333333333333333
BradleyCharlie,FurstJosh,0.08333333333333333
BradleyCharlie,HartJared,0.08333333333333333
BradleyCharlie,JenkinsViolet,0.08333333333333333
BradleyCharlie,JonesEzekial,0.08333333333333333
BradleyCharlie,KirklandRudy,0.08333333333333333
BradleyCharlie,RhodesGarrett,0.08333333333333333
BradleyCharlie,SmothersFreddie,0.08333333333333333
FurstJosh,HartJared,0.08333333333333333
FurstJosh,JenkinsViolet,0.08333333333333333
FurstJosh,JonesEzekial,0.08333333333333333
FurstJosh,KirklandRudy,0.08333333333333333
FurstJosh,RhodesGarrett,0.08333333333333333
FurstJosh,SmothersFreddie,0.08333333333333333
HartJared,JenkinsViolet,0.08333333333333333
HartJared,JonesEzekial,0.08333333333333333
HartJared,KirklandRudy,0.08333333333333333
HartJared,RhodesGarrett,0.08333333333333333
HartJared,SmothersFreddie,0.08333333333333333
JenkinsViolet,JonesEzekial,0.08333333333333333
JenkinsViolet,KirklandRudy,0.08333333333333333
JenkinsViolet,RhodesGarrett,0.08333333333333333
JenkinsViolet,SmothersFreddie,0.08333333333333333
JonesEzekial,KirklandRudy,0.08333333333333333
JonesEzekial,RhodesGarrett,0.08333333333333333
JonesEzekial,SmothersFreddie,1.4166666666666665
KirklandRudy,RhodesGarrett,0.08333333333333333
KirklandRudy,SmothersFreddie,0.08333333333333333
RhodesGarrett,SmothersFreddie,0.08333333333333333
CheathamBarry,GeraldDidi,1.5
CantwellSylvester,ChandlerSusie,1.5
AdamsReggie,BarretScott,0.3333333333333333
AdamsReggie,GliddenStan,0.3333333333333333
AdamsReggie,LowellConrad,0.3333333333333333
BarretScott,GliddenStan,0.3333333333333333
BarretScott,LowellConrad,0.3333333333333333
GliddenStan,LowellConrad,0.3333333333333333
DerbyTammy,DerbyNeil,1.0
SwiftMaurice,DeaconHubert,1.0
SaxeGina,WilsonMac,2.5
